--
-- PostgreSQL database dump
--

-- Dumped from database version 12.2
-- Dumped by pg_dump version 12.2

SET statement_timeout = 0;
SET lock_timeout = 0;
SET idle_in_transaction_session_timeout = 0;
SET client_encoding = 'UTF8';
SET standard_conforming_strings = on;
SELECT pg_catalog.set_config('search_path', '', false);
SET check_function_bodies = false;
SET xmloption = content;
SET client_min_messages = warning;
SET row_security = off;

--
-- Name: pgcrypto; Type: EXTENSION; Schema: -; Owner: -
--

CREATE EXTENSION IF NOT EXISTS pgcrypto WITH SCHEMA public;


--
-- Name: EXTENSION pgcrypto; Type: COMMENT; Schema: -; Owner: 
--

COMMENT ON EXTENSION pgcrypto IS 'cryptographic functions';


--
-- Name: access; Type: TYPE; Schema: public; Owner: postgres
--

CREATE TYPE public.access AS ENUM (
    'none',
    'basic',
    'manager',
    'admin'
);


ALTER TYPE public.access OWNER TO postgres;

--
-- Name: event_type; Type: TYPE; Schema: public; Owner: postgres
--

CREATE TYPE public.event_type AS ENUM (
    'magic_show',
    'musical',
    'party',
    'parade',
    'holiday'
);


ALTER TYPE public.event_type OWNER TO postgres;

--
-- Name: issue_severity; Type: TYPE; Schema: public; Owner: postgres
--

CREATE TYPE public.issue_severity AS ENUM (
    'low',
    'moderate',
    'high'
);


ALTER TYPE public.issue_severity OWNER TO postgres;

--
-- Name: issue_type; Type: TYPE; Schema: public; Owner: postgres
--

CREATE TYPE public.issue_type AS ENUM (
    'breakdown',
    'cleanup',
    'legal'
);


ALTER TYPE public.issue_type OWNER TO postgres;

--
-- Name: ride_status; Type: TYPE; Schema: public; Owner: postgres
--

CREATE TYPE public.ride_status AS ENUM (
    'running',
    'maintenance',
    'construction'
);


ALTER TYPE public.ride_status OWNER TO postgres;

--
-- Name: ride_type; Type: TYPE; Schema: public; Owner: postgres
--

CREATE TYPE public.ride_type AS ENUM (
    'ferris_wheel',
    'bumper_cars',
    'roller_coaster',
    'carousels',
    'water',
    'swing',
    'slide',
    'pendulum',
    'drop_tower',
    'scrambler',
    'other'
);


ALTER TYPE public.ride_type OWNER TO postgres;

--
-- Name: sale_type; Type: TYPE; Schema: public; Owner: postgres
--

CREATE TYPE public.sale_type AS ENUM (
    'ticket',
    'food',
    'gift',
    'game'
);


ALTER TYPE public.sale_type OWNER TO postgres;

--
-- Name: shop_type; Type: TYPE; Schema: public; Owner: postgres
--

CREATE TYPE public.shop_type AS ENUM (
    'ticket_store',
    'restaurant',
    'gift_shop',
    'game'
);


ALTER TYPE public.shop_type OWNER TO postgres;

--
-- Name: _final_median(numeric[]); Type: FUNCTION; Schema: public; Owner: postgres
--

CREATE FUNCTION public._final_median(numeric[]) RETURNS numeric
    LANGUAGE sql IMMUTABLE
    AS $_$
   SELECT AVG(val)
   FROM (
     SELECT val
     FROM unnest($1) val
     ORDER BY 1
     LIMIT  2 - MOD(array_upper($1, 1), 2)
     OFFSET CEIL(array_upper($1, 1) / 2.0) - 1
   ) sub;
$_$;


ALTER FUNCTION public._final_median(numeric[]) OWNER TO postgres;

--
-- Name: check_customer_id_change(); Type: FUNCTION; Schema: public; Owner: postgres
--

CREATE FUNCTION public.check_customer_id_change() RETURNS trigger
    LANGUAGE plpgsql
    AS $$
BEGIN
  IF NEW."customer_id" IS DISTINCT FROM OLD."customer_id"
  THEN
    RAISE EXCEPTION '"customer_id" column cannot get updated';
  END IF;

  RETURN NEW;
END;
$$;


ALTER FUNCTION public.check_customer_id_change() OWNER TO postgres;

--
-- Name: check_employee_id_change(); Type: FUNCTION; Schema: public; Owner: postgres
--

CREATE FUNCTION public.check_employee_id_change() RETURNS trigger
    LANGUAGE plpgsql
    AS $$
BEGIN
  IF NEW."employee_id" IS DISTINCT FROM OLD."employee_id"
  THEN
    RAISE EXCEPTION '"employee_id" column cannot get updated';
  END IF;

  RETURN NEW;
END;
$$;


ALTER FUNCTION public.check_employee_id_change() OWNER TO postgres;

--
-- Name: check_event_id_change(); Type: FUNCTION; Schema: public; Owner: postgres
--

CREATE FUNCTION public.check_event_id_change() RETURNS trigger
    LANGUAGE plpgsql
    AS $$
BEGIN
  IF NEW."event_id" IS DISTINCT FROM OLD."event_id"
  THEN
    RAISE EXCEPTION '"event_id" column cannot get updated';
  END IF;

  RETURN NEW;
END;
$$;


ALTER FUNCTION public.check_event_id_change() OWNER TO postgres;

--
-- Name: check_issue_id_change(); Type: FUNCTION; Schema: public; Owner: postgres
--

CREATE FUNCTION public.check_issue_id_change() RETURNS trigger
    LANGUAGE plpgsql
    AS $$
BEGIN
  IF NEW."issue_id" IS DISTINCT FROM OLD."issue_id"
  THEN
    RAISE EXCEPTION '"issue_id" column cannot get updated';
  END IF;

  RETURN NEW;
END;
$$;


ALTER FUNCTION public.check_issue_id_change() OWNER TO postgres;

--
-- Name: check_transaction_id_change(); Type: FUNCTION; Schema: public; Owner: postgres
--

CREATE FUNCTION public.check_transaction_id_change() RETURNS trigger
    LANGUAGE plpgsql
    AS $$
BEGIN
  IF NEW."transaction_id" IS DISTINCT FROM OLD."transaction_id"
  THEN
    RAISE EXCEPTION '"transaction_id" column cannot get updated';
  END IF;

  RETURN NEW;
END;
$$;


ALTER FUNCTION public.check_transaction_id_change() OWNER TO postgres;

--
-- Name: check_username_change(); Type: FUNCTION; Schema: public; Owner: postgres
--

CREATE FUNCTION public.check_username_change() RETURNS trigger
    LANGUAGE plpgsql
    AS $$
BEGIN
  IF NEW."username" IS DISTINCT FROM OLD."username"
  THEN
    RAISE EXCEPTION '"username" column cannot get updated';
  END IF;

  RETURN NEW;
END;
$$;


ALTER FUNCTION public.check_username_change() OWNER TO postgres;

--
-- Name: encrypt_password(); Type: FUNCTION; Schema: public; Owner: postgres
--

CREATE FUNCTION public.encrypt_password() RETURNS trigger
    LANGUAGE plpgsql
    AS $$
BEGIN
 NEW."password" := crypt(NEW."password", gen_salt('bf', 8));
 RETURN NEW;
END
$$;


ALTER FUNCTION public.encrypt_password() OWNER TO postgres;

--
-- Name: inform_employee(); Type: FUNCTION; Schema: public; Owner: postgres
--

CREATE FUNCTION public.inform_employee() RETURNS trigger
    LANGUAGE plpgsql
    AS $$
BEGIN
IF EXISTS (SELECT 1 FROM ride WHERE ride_name=NEW.ride_name AND ride_status <> 'running')
THEN NOTIFY EVENT, 'Customer cant ride, ride not running';
RETURN NULL;
END IF;
RETURN NEW;
END;
$$;


ALTER FUNCTION public.inform_employee() OWNER TO postgres;

--
-- Name: refunds_today(); Type: FUNCTION; Schema: public; Owner: postgres
--

CREATE FUNCTION public.refunds_today() RETURNS trigger
    LANGUAGE plpgsql
    AS $$
BEGIN
DELETE FROM sale WHERE(SALE.timestamp::date = NEW.start_timestamp::date AND sale_type = 'ticket');
RAISE NOTICE 'TICKET SALE REFUNDED DUE TO RAINING';
RETURN NEW;
END;
$$;


ALTER FUNCTION public.refunds_today() OWNER TO postgres;

--
-- Name: shutdown_ride(); Type: FUNCTION; Schema: public; Owner: postgres
--

CREATE FUNCTION public.shutdown_ride() RETURNS trigger
    LANGUAGE plpgsql
    AS $$
BEGIN
UPDATE ride SET ride_status = 'maintenance' WHERE ride_name = NEW.ride_name;
RETURN NEW;
END;
$$;


ALTER FUNCTION public.shutdown_ride() OWNER TO postgres;

--
-- Name: median(numeric); Type: AGGREGATE; Schema: public; Owner: postgres
--

CREATE AGGREGATE public.median(numeric) (
    SFUNC = array_append,
    STYPE = numeric[],
    INITCOND = '{}',
    FINALFUNC = public._final_median
);


ALTER AGGREGATE public.median(numeric) OWNER TO postgres;

SET default_tablespace = '';

SET default_table_access_method = heap;

--
-- Name: attends; Type: TABLE; Schema: public; Owner: postgres
--

CREATE TABLE public.attends (
    event_id uuid NOT NULL,
    customer_id uuid,
    "timestamp" timestamp without time zone NOT NULL
);


ALTER TABLE public.attends OWNER TO postgres;

--
-- Name: customer; Type: TABLE; Schema: public; Owner: postgres
--

CREATE TABLE public.customer (
    customer_id uuid DEFAULT public.gen_random_uuid() NOT NULL,
    first_name text NOT NULL,
    last_name text NOT NULL,
    park_rating integer,
    CONSTRAINT customer_park_rating_check CHECK (((park_rating >= 1) AND (park_rating <= 10)))
);


ALTER TABLE public.customer OWNER TO postgres;

--
-- Name: employee; Type: TABLE; Schema: public; Owner: postgres
--

CREATE TABLE public.employee (
    employee_id uuid DEFAULT public.gen_random_uuid() NOT NULL,
    first_name text NOT NULL,
    last_name text NOT NULL,
    username text NOT NULL,
    password text NOT NULL,
    access_level public.access DEFAULT 'none'::public.access NOT NULL
);


ALTER TABLE public.employee OWNER TO postgres;

--
-- Name: event; Type: TABLE; Schema: public; Owner: postgres
--

CREATE TABLE public.event (
    event_id uuid DEFAULT public.gen_random_uuid() NOT NULL,
    event_name text NOT NULL,
    event_type public.event_type NOT NULL,
    date date NOT NULL,
    location text NOT NULL
);


ALTER TABLE public.event OWNER TO postgres;

--
-- Name: rainouts; Type: TABLE; Schema: public; Owner: postgres
--

CREATE TABLE public.rainouts (
    date date NOT NULL,
    start_timestamp timestamp without time zone,
    end_timestamp timestamp without time zone
);


ALTER TABLE public.rainouts OWNER TO postgres;

--
-- Name: ride; Type: TABLE; Schema: public; Owner: postgres
--

CREATE TABLE public.ride (
    ride_name text NOT NULL,
    ride_type public.ride_type NOT NULL,
    creation_date date NOT NULL,
    location text NOT NULL,
    ride_status public.ride_status NOT NULL,
    last_inspection date,
    insurance_expiration_date date
);


ALTER TABLE public.ride OWNER TO postgres;

--
-- Name: ride_issue; Type: TABLE; Schema: public; Owner: postgres
--

CREATE TABLE public.ride_issue (
    issue_id uuid DEFAULT public.gen_random_uuid() NOT NULL,
    type public.issue_type NOT NULL,
    severity public.issue_severity NOT NULL,
    start_timestamp timestamp without time zone NOT NULL,
    end_timestamp timestamp without time zone,
    resolved boolean DEFAULT false NOT NULL,
    ride_name text NOT NULL
);


ALTER TABLE public.ride_issue OWNER TO postgres;

--
-- Name: rides_on; Type: TABLE; Schema: public; Owner: postgres
--

CREATE TABLE public.rides_on (
    ride_name text NOT NULL,
    customer_id uuid,
    "timestamp" timestamp without time zone NOT NULL
);


ALTER TABLE public.rides_on OWNER TO postgres;

--
-- Name: sale; Type: TABLE; Schema: public; Owner: postgres
--

CREATE TABLE public.sale (
    transaction_id uuid DEFAULT public.gen_random_uuid() NOT NULL,
    sale_type public.sale_type NOT NULL,
    sale_item text NOT NULL,
    sale_amount real NOT NULL,
    "timestamp" timestamp without time zone NOT NULL,
    customer_id uuid,
    sale_from text NOT NULL
);


ALTER TABLE public.sale OWNER TO postgres;

--
-- Name: shop; Type: TABLE; Schema: public; Owner: postgres
--

CREATE TABLE public.shop (
    shop_name text NOT NULL,
    location text NOT NULL,
    creation_date date NOT NULL,
    shop_type public.shop_type NOT NULL
);


ALTER TABLE public.shop OWNER TO postgres;

--
-- Name: works_at_event; Type: TABLE; Schema: public; Owner: postgres
--

CREATE TABLE public.works_at_event (
    employee_id uuid NOT NULL,
    event_id uuid NOT NULL
);


ALTER TABLE public.works_at_event OWNER TO postgres;

--
-- Name: works_at_ride; Type: TABLE; Schema: public; Owner: postgres
--

CREATE TABLE public.works_at_ride (
    employee_id uuid NOT NULL,
    ride_name text NOT NULL
);


ALTER TABLE public.works_at_ride OWNER TO postgres;

--
-- Name: works_at_shop; Type: TABLE; Schema: public; Owner: postgres
--

CREATE TABLE public.works_at_shop (
    employee_id uuid NOT NULL,
    shop_name text NOT NULL
);


ALTER TABLE public.works_at_shop OWNER TO postgres;

--
-- Data for Name: attends; Type: TABLE DATA; Schema: public; Owner: postgres
--

COPY public.attends (event_id, customer_id, "timestamp") FROM stdin;
9717dcd8-ac02-4de6-9fc3-bcce84e847f1	6ea1813d-69ca-4b5b-9cb4-04271519981b	2019-07-12 11:10:00
9717dcd8-ac02-4de6-9fc3-bcce84e847f1	55b45cb1-704a-4a07-b909-3773c8336bf7	2019-07-12 11:10:00
9717dcd8-ac02-4de6-9fc3-bcce84e847f1	9afe72d0-8928-441e-9c6a-63c3c432415f	2019-07-12 11:10:00
9717dcd8-ac02-4de6-9fc3-bcce84e847f1	24304f31-99f5-4241-94d7-da354be57a04	2019-07-12 11:10:00
d022fde3-afff-4bff-aa79-56fb92257142	79a450f6-61ec-44ea-86cf-94561321a446	2018-07-20 16:50:00
d022fde3-afff-4bff-aa79-56fb92257142	9e4bfab4-e708-47b4-bc7c-a55846da0462	2018-07-20 16:50:00
d022fde3-afff-4bff-aa79-56fb92257142	24304f31-99f5-4241-94d7-da354be57a04	2018-07-20 16:50:00
d022fde3-afff-4bff-aa79-56fb92257142	bf835566-8231-45f4-b98c-aa1ec02aa35b	2018-07-20 16:50:00
44c1b7a2-277a-4dbf-b889-bd10f5f9976c	55b45cb1-704a-4a07-b909-3773c8336bf7	2019-10-31 14:44:23
44c1b7a2-277a-4dbf-b889-bd10f5f9976c	f3398ecf-ce16-402a-ad3a-94f3cd822e26	2019-10-31 16:50:01
44c1b7a2-277a-4dbf-b889-bd10f5f9976c	4ae50583-8df3-40f1-88e4-22d08f6420c9	2019-10-31 16:52:22
\.


--
-- Data for Name: customer; Type: TABLE DATA; Schema: public; Owner: postgres
--

COPY public.customer (customer_id, first_name, last_name, park_rating) FROM stdin;
79a450f6-61ec-44ea-86cf-94561321a446	Ike	Mike	\N
780e6ca3-f109-45b5-9429-9b03fe74abf5	Kim	Jong-Un	8
9e4bfab4-e708-47b4-bc7c-a55846da0462	Megan	Smith	7
e680475d-b3c7-43e9-a2f4-3c43377681db	Paul	Lee	\N
24304f31-99f5-4241-94d7-da354be57a04	Sandy	Church	1
9afe72d0-8928-441e-9c6a-63c3c432415f	Mahatma	Gandhi	9
55b45cb1-704a-4a07-b909-3773c8336bf7	Robin	Banks	5
6ea1813d-69ca-4b5b-9cb4-04271519981b	Joe	King	7
4ae50583-8df3-40f1-88e4-22d08f6420c9	Hedda	Hare	7
bf835566-8231-45f4-b98c-aa1ec02aa35b	Kay	Oss	6
f3398ecf-ce16-402a-ad3a-94f3cd822e26	Sir	Vyvin	8
65cf8cad-86ee-4301-966e-39dd08092477	John	Doe	\N
8364786d-731d-44a5-a88d-6cbe3f198fd1			\N
359d82bc-901b-4a91-b714-19296350aee7			\N
7a0ba51c-4de6-431c-bc4f-813443127a9a	Jane	Doe	\N
7f11e936-1599-4e50-884c-6a6cb2e9520b	Jane	Doe	\N
ce080621-8f6e-4fdc-81f1-eccfb2f39e3d	Bill	Nye	\N
01803dde-318a-40d2-ae2d-1cf1b4bd64a3	Bob	Bob	\N
098d7e27-02e4-4b24-b8be-e86fea916cad	Apple	Man	\N
\.


--
-- Data for Name: employee; Type: TABLE DATA; Schema: public; Owner: postgres
--

COPY public.employee (employee_id, first_name, last_name, username, password, access_level) FROM stdin;
db66ad3e-1ec3-4171-a2a2-47e2414ce1d9	Sunny	Tran	st14	$2a$08$9Ux853.SYYov/xxZiafPDeW7aqsR.Qw5nlRyqPJKoOJz45wUFlL1u	admin
6b56eade-4efb-402b-8fd8-16d829ddd93c	Erin	Nebres	en05	$2a$08$JNZZbjkr0WYIE7DdPVsiAu8CPYkQX1o.TMC7ou1hchvbfwBShKsLu	admin
575b7d60-c8f4-46aa-b071-948ea67653cd	Sam	Carlson	sc45	$2a$08$S0gZDWft/06//H/.P8c9yebU./KppoW5q2Spmj20vGOaDrgMLZ6fe	manager
21529f4c-3853-43f2-a3f4-b3c12463267c	Teresa	Cortez	tc37	$2a$08$5p2ro9Vpsx6hQokAGtHJ9.MthEhQITicLtyJ1A4fkCjaDXAhj7lAu	basic
550e60b8-987f-48b8-8798-efc6bf112b9c	Hui	Chang	hc19	$2a$08$wra0KHwBrRqSSHJ3yFcetuMdQWLyvbmwgLC0P9fDwb1rNJhiMgseC	basic
6cf9acfc-ddbb-48d3-b521-fd82289b31e5	Abba	Hassan	ah15	$2a$08$mJ4WRHeCR1S.Z3tG1bf/Fe9o6UCHE/A93/PRCbXTCHrkeGvrWrIt2	basic
12fddce4-fd2d-4fe8-af87-5d0061498532	Donna	Moreno	dm83	$2a$08$28bfuQHjCbZASxSbW6v9sufEU9bliNJRaXgMdl.Q0wVPOKcvssRKi	basic
e58b0851-ac71-4085-b46c-36f60a3da596	Esai	Hernandez	eh77	$2a$08$txSkeyy7acqKgEc3uy3KuO0Yeypb8uSwGAvTlWNsO3vwWuJlAyOgW	admin
238c7310-2c73-405c-a150-313646c1321f	William	Lam	wl32	$2a$08$3eb6hA2vV3VfyjqQKu5h5evjEKY9koBD.4UF1eTbUStC00k6Px.aS	admin
2d6f3436-d89b-48b4-bbb6-27d784acb813	Hector	Mendez	hm30	$2a$08$skYV3hEgD/vRI3o031edr.h1tVmdereOPd3hL.xhyLHb3ElFyguWG	manager
b8d1acdf-817b-4b83-96b9-c24abc3e994a	Laura	Owens	lo98	$2a$08$k/DOtpv9/JSePE04abjg0.rcTTobxAkeYvgazdT/Tt2JbQgFriSaS	manager
1b39d872-7829-457c-85f8-f216ff0ed135	Timmy	Watts	tw64	$2a$08$7kGtRdUmiY8Z70vU3VBqyOzYC3rcRUbVt.caeB.PfnFaVHfMS7I1m	basic
b8376c9b-0af4-48dc-9707-afe6212ef9bb	Andrew	Vieira	av21	$2a$08$6FQgdodCmNcjgVplV84QA.ZaTmKBGi6c2DJuh0aTDaSZj7.T4Cq5W	admin
16601659-eed6-492d-9c6a-2b97c4c121cc	Uma	Ramamurthy	ur40	$2a$08$gzwoxJyAmosCeZSitT23.ONEhkf6TCibwGMrcB9o15Y3JPSOViETm	admin
176d86ab-ed4b-440a-b4f3-c3ed077bbef6	Brock	Lee	bl12	$2a$08$0GxvEn5XkbJOXLwh1v3iluW99i/TkYem95laXakqfF4i71vixKyGG	none
\.


--
-- Data for Name: event; Type: TABLE DATA; Schema: public; Owner: postgres
--

COPY public.event (event_id, event_name, event_type, date, location) FROM stdin;
4d5a3a02-2509-404f-ac21-3c684039470f	Halloween Festival	holiday	2017-10-31	Everywhere
12749119-9fb7-4d77-82e9-694796148f08	Halloween Festival	holiday	2018-10-31	Everywhere
44c1b7a2-277a-4dbf-b889-bd10f5f9976c	Halloween Festival	holiday	2019-10-31	Everywhere
d022fde3-afff-4bff-aa79-56fb92257142	Park Play	musical	2018-07-20	Theater
3d542060-9542-420e-a883-92e70769f55e	Park Play	musical	2018-07-22	Theater
9717dcd8-ac02-4de6-9fc3-bcce84e847f1	The Great Genie	magic_show	2019-07-12	Theater
91659b10-e516-42ed-a989-7b1aa9a8c8e5	The Great Genie	magic_show	2019-07-14	Theater
fdf92c02-bd0b-4da7-a9ea-7257f5881a25	City Parade	parade	2017-10-31	Everywhere
57ff0ecf-f95b-49cc-ad67-aac3e3945e37	Park 5 Year Anniversary	party	2020-05-01	Everywhere
042fab9b-f59d-4965-b39a-044c730e4b3a	Holiday Fun	holiday	2020-04-29	Yeah
23ee5154-f462-4c48-871f-42080bad927c	Party Hard	party	2020-04-28	My House
29217bd5-f214-495b-aa25-0932128792c8	Cool Event	holiday	2020-04-30	Here
fa1266ac-d53d-4f78-b553-9cc23ed2edc3	Magic Time	magic_show	2020-04-25	No
\.


--
-- Data for Name: rainouts; Type: TABLE DATA; Schema: public; Owner: postgres
--

COPY public.rainouts (date, start_timestamp, end_timestamp) FROM stdin;
2017-04-08	\N	\N
2017-04-23	\N	\N
2017-07-25	\N	\N
2018-04-12	\N	\N
2018-05-02	\N	\N
2018-07-19	\N	\N
2019-03-22	\N	\N
2019-05-17	\N	\N
2019-07-09	\N	\N
2020-03-01	\N	\N
2020-04-15	\N	\N
2020-04-18	\N	\N
2020-04-19	2020-04-19 18:50:55.886999	\N
\.


--
-- Data for Name: ride; Type: TABLE DATA; Schema: public; Owner: postgres
--

COPY public.ride (ride_name, ride_type, creation_date, location, ride_status, last_inspection, insurance_expiration_date) FROM stdin;
Vroom	bumper_cars	2016-10-10	East Quadrant	running	2019-08-12	2021-08-12
Caterpillar	roller_coaster	2016-08-10	East Quadrant	running	2020-03-02	2022-03-02
Wheely	ferris_wheel	2020-04-14	North Quadrant	running	2020-04-18	2020-04-30
Monster Coaster	roller_coaster	2018-09-21	West Quadrant	running	2020-04-18	2020-04-30
Merry-Go-Round	carousels	2016-10-12	East Quadrant	running	2020-04-18	2020-06-01
TestRideU	drop_tower	2018-04-18	Test	running	2019-04-18	2023-04-18
Shark Slide	water	2019-05-01	West Quadrant	maintenance	\N	2021-01-14
Tower of Doom	drop_tower	2016-09-21	East Quadrant	running	\N	2022-02-21
Little Slide	slide	2018-05-24	West Quadrant	running	\N	\N
Scrambler	scrambler	2018-02-19	North Quadrant	running	2020-04-18	2022-02-18
Waster	other	2020-04-01	Park Gates	running	\N	2020-04-30
The Great Wheel	ferris_wheel	2016-08-10	East Quadrant	running	\N	2022-03-02
\.


--
-- Data for Name: ride_issue; Type: TABLE DATA; Schema: public; Owner: postgres
--

COPY public.ride_issue (issue_id, type, severity, start_timestamp, end_timestamp, resolved, ride_name) FROM stdin;
ae8af202-183b-4285-a151-4684ebab50b8	breakdown	moderate	2018-05-09 11:22:11	2018-05-22 12:00:00	t	Vroom
8b91ac9e-7467-4a69-a4c7-77078800e51d	breakdown	moderate	2017-07-09 14:08:50	2017-07-18 10:00:00	t	Caterpillar
402666e4-89a7-4750-b12c-7967a11b13b6	breakdown	high	2018-04-09 14:09:33	2018-04-11 14:00:00	t	Tower of Doom
b7e5d532-d866-409f-b8b3-088402edb0f4	cleanup	low	2019-08-09 12:33:00	2019-08-09 18:20:00	t	Caterpillar
95978412-3710-44ee-a614-06fb7329ff1f	legal	low	2017-02-09 15:45:43	2017-03-12 11:00:00	t	Merry-Go-Round
56f94f2f-20b9-4baf-9524-127c8ae918ce	breakdown	moderate	2018-05-06 09:56:31	2018-05-24 12:00:00	t	Scrambler
fc307818-80a3-47e5-8e6a-4f111ca7500e	breakdown	low	2020-04-14 01:03:21.079745	2020-04-14 01:05:52.937213	t	Wheely
14686886-023c-47e7-a094-dd8731d50ebc	breakdown	low	2020-04-14 01:05:48.504893	2020-04-14 01:05:55.364163	t	Wheely
22b02595-a08e-488b-ab05-6173192f839f	breakdown	low	2020-04-14 01:06:01.809632	2020-04-14 01:06:15.42609	t	Wheely
0fe60409-249b-4981-bed8-aadf8a772aad	breakdown	low	2020-04-14 01:41:02.794623	2020-04-14 01:42:27.519777	t	Wheely
b0445485-3071-4477-8cbc-f216b2f8cd4a	breakdown	low	2020-04-14 01:06:11.361731	2020-04-14 01:42:31.737824	t	Wheely
6e360a48-67b3-4a3f-acb8-e6990e3ffa88	breakdown	low	2020-04-14 01:42:38.204662	2020-04-14 01:43:28.394044	t	Wheely
84b2d7b2-80fd-4633-b13b-15a2b3caac58	breakdown	low	2020-04-14 01:43:31.230003	2020-04-14 01:43:39.773848	t	Wheely
5e03c638-e947-4a25-af31-e51af7ed647e	legal	moderate	2020-04-14 01:44:27.440052	2020-04-14 01:44:42.471238	t	Wheely
69d3e9b3-ab3d-4b3d-8cf7-514cc5ef0c58	legal	low	2020-04-14 01:43:56.489616	2020-04-14 01:44:59.085884	t	Wheely
c5cadacc-8472-4e71-b168-0020a68b4fa8	breakdown	moderate	2020-03-09 09:12:20	2020-04-18 10:07:39.027325	t	Shark Slide
fa4e6f49-c143-4f14-a925-c543886a9ae7	breakdown	high	2020-04-13 03:59:56.097883	2020-04-18 14:13:39.612926	t	Scrambler
24ac5518-4b53-4009-8812-0fc7035b1565	breakdown	high	2020-02-09 09:12:20	2020-04-18 14:13:44.111487	t	Tower of Doom
64cbe981-6f28-4993-9f50-ee1ca73cb17a	breakdown	high	2020-03-08 22:22:22	2020-04-18 14:13:51.147675	t	The Great Wheel
f0771b20-5ec3-4639-92ce-23ae9edab6d0	cleanup	low	2020-04-14 01:43:45.830216	2020-04-18 16:37:33.002106	t	Wheely
847a1529-8d12-4373-9663-cea8dd5519eb	breakdown	high	2020-04-14 01:44:55.235889	2020-04-18 16:37:34.098057	t	Wheely
3dd0a20a-14c1-442b-8e03-9dcd214b7c8a	breakdown	low	2020-04-18 16:37:47.870467	2020-04-18 16:37:57.765066	t	Waster
2060b8c8-cc16-431b-b9a3-155e1f7cebc8	breakdown	low	2020-04-18 16:38:55.324623	2020-04-18 16:39:15.452048	t	Merry-Go-Round
c3e82f49-970e-4f64-a7c4-ed5007563d80	cleanup	low	2020-04-18 16:44:52.9051	2020-04-18 16:45:04.272545	t	Monster Coaster
316f59ce-3e07-407c-b5d8-45e82cced848	breakdown	low	2020-04-18 16:44:07.89595	2020-04-18 16:45:04.906073	t	Monster Coaster
d95ea147-57bc-4bba-85e0-6f5b6c0b217a	breakdown	moderate	2020-04-18 16:29:39.535009	2020-04-18 16:45:05.327218	t	Monster Coaster
4e44d3fe-3b9c-4835-8289-036969aa2fd0	breakdown	high	2020-04-18 15:45:06.502835	2020-04-18 16:45:05.677994	t	Monster Coaster
70897ac0-140f-4cb7-916a-5c336ab9b8b1	legal	high	2020-03-10 10:11:12	2020-04-18 16:45:05.974171	t	Monster Coaster
49d9a86b-9372-4ca9-9759-77d5335ef7ab	breakdown	low	2020-04-18 16:47:31.64335	2020-04-18 16:48:21.499555	t	Merry-Go-Round
5c2da191-3899-4c74-ac71-935aa7983c41	cleanup	low	2020-04-18 16:51:21.064093	2020-04-18 16:51:27.458489	t	Waster
53b4f530-917e-4783-9196-0a06a36c8c3e	cleanup	low	2020-04-18 16:53:52.686597	2020-04-18 16:53:59.271009	t	Shark Slide
b22d9937-5aeb-47fe-b88e-a693bee19354	breakdown	moderate	2020-04-18 16:54:13.278824	2020-04-18 19:30:09.381132	t	Shark Slide
10e9c565-6a00-4748-a010-5e76355be2dd	breakdown	low	2020-04-19 12:39:31.08582	\N	f	Shark Slide
d14df312-3f7f-45bb-a646-63b7d763ea07	cleanup	low	2020-04-19 17:31:48.247864	2020-04-19 17:31:53.864145	t	Scrambler
b3c2d47b-2d25-45ee-8a11-0b89c75746b6	breakdown	low	2020-04-19 17:31:58.710245	2020-04-19 17:32:05.098783	t	Tower of Doom
a5ddc0d0-691d-47e7-a1a0-28a569cef809	breakdown	low	2020-04-20 11:19:36.645975	2020-04-20 11:19:40.129162	t	Waster
25f7636a-0347-4002-b588-743b90928269	breakdown	low	2020-04-20 11:20:04.986955	2020-04-20 11:20:07.623198	t	The Great Wheel
ba27845b-d5e6-460c-9bff-0098c0beb03e	legal	low	2020-04-20 11:20:00.575518	2020-04-20 11:20:10.767637	t	Waster
835bfbef-9487-49ab-b998-c14f1021a6a1	breakdown	low	2020-04-20 11:19:55.22516	2020-04-20 11:20:11.785874	t	Waster
74cd405a-ee5c-4294-83b1-e4174ccb1f83	cleanup	low	2020-04-20 11:19:58.050442	2020-04-20 11:20:12.706694	t	Waster
\.


--
-- Data for Name: rides_on; Type: TABLE DATA; Schema: public; Owner: postgres
--

COPY public.rides_on (ride_name, customer_id, "timestamp") FROM stdin;
Vroom	f3398ecf-ce16-402a-ad3a-94f3cd822e26	2019-08-08 10:20:00
Scrambler	f3398ecf-ce16-402a-ad3a-94f3cd822e26	2019-08-08 10:30:00
Scrambler	f3398ecf-ce16-402a-ad3a-94f3cd822e26	2019-08-08 10:40:00
Monster Coaster	f3398ecf-ce16-402a-ad3a-94f3cd822e26	2019-08-08 10:50:00
Caterpillar	f3398ecf-ce16-402a-ad3a-94f3cd822e26	2019-08-08 11:20:00
The Great Wheel	f3398ecf-ce16-402a-ad3a-94f3cd822e26	2019-08-08 11:30:00
Tower of Doom	f3398ecf-ce16-402a-ad3a-94f3cd822e26	2019-08-08 12:50:00
Tower of Doom	f3398ecf-ce16-402a-ad3a-94f3cd822e26	2019-08-08 13:11:00
Monster Coaster	bf835566-8231-45f4-b98c-aa1ec02aa35b	2019-07-02 11:10:00
Monster Coaster	bf835566-8231-45f4-b98c-aa1ec02aa35b	2019-07-02 11:22:00
Monster Coaster	bf835566-8231-45f4-b98c-aa1ec02aa35b	2019-07-02 11:44:00
Vroom	bf835566-8231-45f4-b98c-aa1ec02aa35b	2019-07-02 12:03:00
The Great Wheel	bf835566-8231-45f4-b98c-aa1ec02aa35b	2019-07-02 12:41:00
Scrambler	\N	2020-04-13 04:00:10.329743
Scrambler	\N	2020-04-13 04:00:55.97852
Shark Slide	\N	2020-04-16 11:01:03.574326
Scrambler	\N	2020-04-16 16:37:34.578599
Scrambler	\N	2020-04-16 16:37:35.418465
Scrambler	\N	2020-04-16 16:37:36.253858
Shark Slide	\N	2020-04-18 10:07:12.33481
Monster Coaster	\N	2020-04-18 10:07:45.659501
Monster Coaster	\N	2020-04-18 10:08:27.461837
Monster Coaster	\N	2020-04-18 11:24:21.510326
Monster Coaster	\N	2020-04-18 11:40:48.48024
Monster Coaster	\N	2020-04-18 11:41:24.600499
Monster Coaster	\N	2020-04-18 11:42:29.591937
Monster Coaster	\N	2020-04-18 11:42:34.811523
Monster Coaster	\N	2020-04-18 11:42:50.20905
Monster Coaster	\N	2020-04-18 11:48:22.24469
Monster Coaster	\N	2020-04-18 11:53:07.784303
Monster Coaster	\N	2020-04-18 11:55:45.732271
Monster Coaster	\N	2020-04-18 11:55:54.707112
Monster Coaster	\N	2020-04-18 12:00:57.401598
Monster Coaster	\N	2020-04-18 12:07:00.630186
Monster Coaster	\N	2020-04-18 12:07:30.950895
Monster Coaster	\N	2020-04-18 12:13:47.599974
Monster Coaster	\N	2020-04-18 12:15:48.023153
Monster Coaster	\N	2020-04-18 12:15:57.233854
Monster Coaster	\N	2020-04-18 12:16:09.707939
The Great Wheel	\N	2020-04-18 12:17:11.697697
Monster Coaster	\N	2020-04-18 12:18:10.249273
Monster Coaster	\N	2020-04-18 12:18:21.975415
Monster Coaster	\N	2020-04-18 12:19:04.193622
Monster Coaster	\N	2020-04-18 12:22:07.689231
Monster Coaster	\N	2020-04-18 12:22:16.433164
Scrambler	\N	2020-04-18 12:27:04.111632
Monster Coaster	\N	2020-04-18 12:27:24.324044
Monster Coaster	\N	2020-04-18 12:28:31.531812
Monster Coaster	\N	2020-04-18 12:37:04.235353
Monster Coaster	\N	2020-04-18 12:37:16.863512
Monster Coaster	\N	2020-04-18 12:39:45.615904
Monster Coaster	\N	2020-04-18 12:40:44.198426
Monster Coaster	\N	2020-04-18 12:41:51.851637
Monster Coaster	\N	2020-04-18 12:45:34.539654
Monster Coaster	\N	2020-04-18 12:45:50.121608
Monster Coaster	\N	2020-04-18 12:46:07.18524
Vroom	\N	2020-04-18 12:46:12.064808
Monster Coaster	\N	2020-04-18 12:46:28.249186
Monster Coaster	\N	2020-04-18 12:47:05.033468
Monster Coaster	\N	2020-04-18 12:47:48.072277
Monster Coaster	\N	2020-04-18 12:47:50.287573
Vroom	\N	2020-04-18 12:47:56.676362
Monster Coaster	\N	2020-04-18 12:51:29.257325
Monster Coaster	\N	2020-04-18 12:51:34.553205
Monster Coaster	\N	2020-04-18 12:51:36.805392
Monster Coaster	\N	2020-04-18 13:10:40.526243
Monster Coaster	\N	2020-04-18 13:10:42.796192
Monster Coaster	\N	2020-04-18 13:10:44.750994
Monster Coaster	\N	2020-04-18 13:10:51.806917
Vroom	\N	2020-04-18 13:10:54.223672
Monster Coaster	\N	2020-04-18 13:23:17.30579
Monster Coaster	\N	2020-04-18 13:23:18.607524
Monster Coaster	\N	2020-04-18 13:23:20.2154
Vroom	\N	2020-04-18 13:23:24.579618
Vroom	\N	2020-04-18 13:23:25.054536
Caterpillar	\N	2020-04-18 13:23:26.954528
The Great Wheel	\N	2020-04-18 13:23:29.155435
Tower of Doom	\N	2020-04-18 13:23:31.794274
Merry-Go-Round	\N	2020-04-18 13:23:33.696448
Scrambler	\N	2020-04-18 13:23:36.244296
Wheely	\N	2020-04-18 13:23:38.074818
Waster	\N	2020-04-18 13:23:40.264832
Shark Slide	\N	2020-04-18 13:23:43.542227
Monster Coaster	\N	2020-04-18 15:20:57.527208
Tower of Doom	\N	2020-04-20 11:22:46.348868
Vroom	\N	2020-04-19 12:40:04.919832
Shark Slide	\N	2020-04-19 12:40:10.642566
Little Slide	\N	2020-04-16 16:37:41.491193
Little Slide	\N	2020-04-18 12:41:58.191078
Little Slide	\N	2020-04-18 12:45:37.143158
Little Slide	\N	2020-04-18 12:45:41.960486
Little Slide	\N	2020-04-18 12:47:53.939482
Little Slide	\N	2020-04-18 12:51:32.432552
Little Slide	\N	2020-04-18 12:51:39.438077
Little Slide	\N	2020-04-18 13:10:49.675958
Little Slide	\N	2020-04-18 13:23:23.031097
Vroom	\N	2020-04-19 17:33:27.168426
Vroom	\N	2020-04-19 17:33:27.735772
Vroom	\N	2020-04-19 18:36:34.51725
Vroom	\N	2020-04-19 18:36:44.109872
Vroom	65cf8cad-86ee-4301-966e-39dd08092477	2020-04-19 22:36:11.010563
Vroom	098d7e27-02e4-4b24-b8be-e86fea916cad	2020-04-20 11:21:29.396227
\.


--
-- Data for Name: sale; Type: TABLE DATA; Schema: public; Owner: postgres
--

COPY public.sale (transaction_id, sale_type, sale_item, sale_amount, "timestamp", customer_id, sale_from) FROM stdin;
c44fb37b-4cd1-4fad-a198-ee142da756dc	ticket	Park Ticket	60	2015-05-01 10:10:10	79a450f6-61ec-44ea-86cf-94561321a446	Park Ticket Booth
c60c3101-500a-451c-bcbb-c4a0653c2eea	ticket	Park Ticket	60	2015-08-16 13:30:00	780e6ca3-f109-45b5-9429-9b03fe74abf5	Park Ticket Booth
8c486650-902f-489c-b734-a3a1a8e14538	ticket	Park Ticket	60	2015-11-18 09:24:50	9e4bfab4-e708-47b4-bc7c-a55846da0462	Park Ticket Booth
c2eb3c1a-d439-460e-b6f6-9d6c92f9eb03	ticket	Park Ticket	60	2016-03-14 11:33:49	e680475d-b3c7-43e9-a2f4-3c43377681db	Park Ticket Booth
6be9b29b-0f11-4f60-9944-96701fef7806	ticket	Park Ticket	60	2016-07-20 09:09:38	24304f31-99f5-4241-94d7-da354be57a04	Park Ticket Booth
22f9c179-7b64-4b33-ae01-9c7b11832788	ticket	Park Ticket	60	2016-11-10 12:56:12	9afe72d0-8928-441e-9c6a-63c3c432415f	Park Ticket Booth
6080b0ac-9633-49f3-9f71-34261e58e819	ticket	Park Ticket	60	2017-04-24 10:44:19	55b45cb1-704a-4a07-b909-3773c8336bf7	Park Ticket Booth
9771c3d9-1331-46a9-828b-4c8b84ec287e	ticket	Park Ticket	60	2017-09-06 14:00:43	6ea1813d-69ca-4b5b-9cb4-04271519981b	Park Ticket Booth
93550e75-676c-485b-a57c-0d3c1d2aee03	ticket	Park Ticket	60	2018-02-28 09:10:14	4ae50583-8df3-40f1-88e4-22d08f6420c9	Park Ticket Booth
fddc90d0-618b-4840-9a96-ac5d57e24ed3	ticket	Park Ticket	60	2019-07-02 11:01:11	bf835566-8231-45f4-b98c-aa1ec02aa35b	Park Ticket Booth
59ce29e3-4c0b-4766-a609-5b279765cc9d	ticket	Park Ticket	60	2019-08-08 10:02:20	f3398ecf-ce16-402a-ad3a-94f3cd822e26	Park Ticket Booth
22912677-b510-4a5e-ad57-6ec874d54285	food	Cotton Candy	2.5	2015-08-16 13:32:01	780e6ca3-f109-45b5-9429-9b03fe74abf5	Cotton Candy Stand
5e532393-f2b3-4c8f-9063-592bd9904e3e	food	Cotton Candy	2.5	2015-08-16 14:11:22	780e6ca3-f109-45b5-9429-9b03fe74abf5	Cotton Candy Stand
a663d079-8b47-44f6-8f77-c4668ffea417	food	Cotton Candy	2.5	2015-08-16 15:16:16	780e6ca3-f109-45b5-9429-9b03fe74abf5	Cotton Candy Stand
7abe1dd2-a4f7-45d6-b0fa-ee3915a2092c	ticket	Park Ticket	60	2020-04-15 02:30:04.568133	\N	Park Ticket Booth
494be3b8-a15d-4539-96dc-bc97f4560a62	ticket	Park Ticket	60	2020-04-16 00:01:02.924579	\N	Park Ticket Booth
ffd75075-2471-4ee8-a836-2f681c281071	ticket	Park Ticket	60	2020-04-16 00:01:07.44397	\N	Park Ticket Booth
a5f927c3-5b30-4548-b901-db02d284645d	ticket	Park Ticket	60	2020-04-16 00:01:08.450902	\N	Park Ticket Booth
712471cb-efed-4a37-8dd2-acfe841a29fb	ticket	Park Ticket	60	2020-04-16 00:01:09.161843	\N	Park Ticket Booth
3a1a798c-8d83-46d0-971e-1a8dbd4b4186	ticket	Park Ticket	60	2020-04-16 16:37:48.752581	\N	Park Ticket Booth
f6b62938-ba96-4028-8f5e-226864c5562a	ticket	Park Ticket	60	2020-04-16 16:37:49.30757	\N	Park Ticket Booth
66ebb5a6-cb19-4e7a-aad2-cc89da37e29e	ticket	Park Ticket	60	2020-04-16 16:37:49.840933	\N	Park Ticket Booth
90c50291-b60c-4bf4-87f8-f67e69dccd6f	ticket	Park Ticket	60	2020-04-16 16:37:50.353822	\N	Park Ticket Booth
c5c1ac8a-66c5-4b29-9bb9-acf359c37c96	ticket	Park Ticket	60	2020-04-16 16:37:50.882033	\N	Park Ticket Booth
ef546684-39ac-4199-b507-da9349a1ab6e	ticket	Park Ticket	60	2020-04-18 14:14:30.914266	\N	Park Ticket Booth
9bf93750-1f9b-42df-86ef-2157af10243a	ticket	Park Ticket	60	2020-04-18 14:14:31.745171	\N	Park Ticket Booth
d9e11010-851a-4cc6-a6e0-d99a190a6876	ticket	Park Ticket	60	2020-04-18 14:14:34.841341	\N	Park Ticket Booth
ac76830d-f184-4e9d-aca9-8a4fa0afb626	ticket	Park Ticket	60	2020-04-18 14:14:35.456986	\N	Park Ticket Booth
31c4c6fb-9487-4872-a987-69c26fefb61d	ticket	Park Ticket	60	2020-04-18 14:14:36.075917	\N	Park Ticket Booth
20969afc-283e-4d72-88be-d0dc21fba3a9	ticket	Park Ticket	60	2020-04-18 14:14:36.479168	\N	Park Ticket Booth
6244ac40-b61b-49c9-af51-bad50421f8ea	ticket	Park Ticket	60	2020-04-18 14:14:37.097183	\N	Park Ticket Booth
54396078-79ad-468a-a222-c36441660517	ticket	Park Ticket	60	2020-04-18 14:14:37.66606	\N	Park Ticket Booth
ba14a553-6ff9-4b70-8490-3288f80eade1	ticket	Park Ticket	60	2020-04-18 14:14:38.224284	\N	Park Ticket Booth
73d0ba3d-40b1-43ce-bff3-4d48cba349dc	ticket	Park Ticket	60	2020-04-18 14:14:38.776991	\N	Park Ticket Booth
f1572f77-11de-4399-89f7-bf6c89b7242f	ticket	Park Ticket	60	2020-04-18 14:14:39.514813	\N	Park Ticket Booth
bb56c81a-f2d0-4e03-a12c-940139b162c4	ticket	Park Ticket	60	2020-04-18 14:14:39.844678	\N	Park Ticket Booth
451c7264-dc0d-4c4d-a654-8fa2486fe6f7	ticket	Park Ticket	60	2020-04-18 14:14:40.271754	\N	Park Ticket Booth
d9b5f756-afe4-42e2-b252-804cde8156c7	ticket	Park Ticket	60	2020-04-18 14:14:41.006333	\N	Park Ticket Booth
628d3140-fbb4-4f61-ac45-f9146d5a17d9	ticket	Park Ticket	60	2020-04-18 14:14:41.734718	\N	Park Ticket Booth
f9a79ef1-439c-4618-bf7c-a54c419f9240	ticket	Park Ticket	60	2020-04-18 14:14:42.198354	\N	Park Ticket Booth
995db733-2a22-456f-b364-040fe2ea97d5	ticket	Park Ticket	60	2020-04-19 12:39:50.62373	\N	Park Ticket Booth
75d1ef38-b5bb-4065-8f19-6170ea56c16f	ticket	Park Ticket	60	2020-04-19 12:39:52.249303	\N	Park Ticket Booth
6954588e-dabd-46ec-982e-ca6bac340796	ticket	Park Ticket	60	2020-04-19 12:39:53.336467	\N	Park Ticket Booth
3c62c09b-5245-4945-ac68-8f7493ca4e66	ticket	Park Ticket	60	2020-04-19 12:39:53.961151	\N	Park Ticket Booth
4631f939-991f-4b9d-b93c-fb3d8604feb8	ticket	Park Ticket	60	2020-04-19 12:39:54.926349	\N	Park Ticket Booth
e1deab52-eb16-4621-a735-72a5ba79df0a	ticket	Park Ticket	60	2020-04-19 12:39:56.861674	\N	Park Ticket Booth
e85df4bd-58cd-481a-be2c-4e3e98038393	ticket	Park Ticket	60	2020-04-19 12:39:57.24444	\N	Park Ticket Booth
df0c0bf7-f320-43a2-aff5-638322c88784	ticket	Park Ticket	60	2020-04-19 12:39:57.851044	\N	Park Ticket Booth
d87e0426-389e-4940-83c7-443168d2eeae	ticket	Park Ticket	60	2020-04-19 12:39:58.409508	\N	Park Ticket Booth
06976a77-d68f-4db0-9a4a-9a576b1e3034	ticket	Park Ticket	60	2020-04-19 12:40:00.711018	\N	Park Ticket Booth
593fd26e-66c1-42ba-97ed-ddede5cf1e69	ticket	Park Ticket	60	2020-04-16 17:22:25.518109	\N	Park Ticket Booth
becb66b2-c169-4d93-b3a9-486751519650	ticket	Park Ticket	60	2020-04-16 17:22:27.259982	\N	Park Ticket Booth
08bf195e-d958-4adb-ba4b-4b4f4884f097	ticket	Park Ticket	60	2020-04-16 17:22:29.830983	\N	Park Ticket Booth
8c274993-a7b3-461c-bc97-d4e6063e3564	ticket	Park Ticket	60	2020-04-15 17:22:38.540781	\N	Park Ticket Booth
6bfe77c4-9e55-492e-a7c0-9102387ea5c4	ticket	Park Ticket	60	2020-04-15 17:22:39.763384	\N	Park Ticket Booth
f2497eff-de46-4bd3-b546-1241715bac62	ticket	Park Ticket	60	2020-04-15 17:22:40.943299	\N	Park Ticket Booth
412aa5f6-430a-4fd0-9e28-6c2caea75969	ticket	Park Ticket	60	2020-04-15 17:22:42.234206	\N	Park Ticket Booth
3963b3d1-4ce4-4406-9210-3cc528e66ca3	ticket	Park Ticket	60	2020-04-15 17:22:43.491466	\N	Park Ticket Booth
c47400a6-8f47-4d61-85ce-801b2126cf9f	ticket	Park Ticket	60	2020-04-15 17:22:44.66635	\N	Park Ticket Booth
eb49f0af-33a4-47df-9189-ffefdf60ce13	ticket	Park Ticket	60	2020-04-15 17:22:45.990041	\N	Park Ticket Booth
f76ee7b0-f1f4-4a2e-823e-39b259d2273d	ticket	Park Ticket	60	2020-04-14 17:22:53.363534	\N	Park Ticket Booth
3afc30c2-4e85-4460-b88f-a866538e67c8	ticket	Park Ticket	60	2020-04-14 17:22:54.469867	\N	Park Ticket Booth
05830d96-fd5a-49e8-83ae-7ba44fe9f17c	ticket	Park Ticket	60	2020-04-14 17:22:55.599454	\N	Park Ticket Booth
1d33011d-4397-4d03-9483-515fdc8b6fd2	ticket	Park Ticket	60	2020-04-14 17:22:56.556122	\N	Park Ticket Booth
602f3219-1ea3-4d3c-a712-afb31c365218	ticket	Park Ticket	60	2020-04-14 17:22:57.580618	\N	Park Ticket Booth
0e8387d1-284c-4cd5-8cc1-2ecde7431b70	ticket	Park Ticket	60	2020-04-14 17:22:58.589827	\N	Park Ticket Booth
1cf9aec2-adde-458f-9005-35196987155f	ticket	Park Ticket	60	2020-04-14 17:22:59.605158	\N	Park Ticket Booth
7501e231-199e-4881-be9b-a070330aa5c4	ticket	Park Ticket	60	2020-04-14 17:23:00.597358	\N	Park Ticket Booth
551c4933-ad27-424a-8b9c-de24412caae9	ticket	Park Ticket	60	2020-04-14 17:23:01.670027	\N	Park Ticket Booth
31c39693-864d-45e8-84bd-4ea228e706d0	ticket	Park Ticket	60	2020-04-14 17:23:02.722363	\N	Park Ticket Booth
054f4064-4071-4006-bc7b-eaeb85b8e500	ticket	Park Ticket	60	2020-04-13 17:23:09.132617	\N	Park Ticket Booth
0e3c2d4c-88e0-4895-b6d3-569811331dfb	ticket	Park Ticket	60	2020-04-13 17:23:10.186046	\N	Park Ticket Booth
f641489c-6a74-42c7-9918-90db6323e21c	ticket	Park Ticket	60	2020-04-13 17:23:11.20273	\N	Park Ticket Booth
34f3bb78-121b-4651-9258-78841d249c97	ticket	Park Ticket	60	2020-04-13 17:23:12.186792	\N	Park Ticket Booth
8e8b57ae-3757-4a41-98f6-2bb009cfe169	ticket	Park Ticket	60	2020-04-13 17:23:13.170404	\N	Park Ticket Booth
33cfa8c8-ad90-44f9-b827-83ddf3d18bc0	ticket	Park Ticket	60	2020-04-13 17:23:14.18796	\N	Park Ticket Booth
2725733c-0843-49c8-a774-281c4e291ef4	ticket	Park Ticket	60	2020-04-13 17:23:15.142481	\N	Park Ticket Booth
166346b9-ccd5-4faa-8268-7ad02705bd8a	ticket	Park Ticket	60	2020-04-13 17:23:16.146954	\N	Park Ticket Booth
2cb1d853-25a7-4015-a7bb-36bdec29683d	ticket	Park Ticket	60	2020-04-13 17:23:17.212889	\N	Park Ticket Booth
ec8a8b95-9074-483c-a4f7-86798be784af	ticket	Park Ticket	60	2020-04-12 17:23:23.599803	\N	Park Ticket Booth
38c7f1af-daab-473c-81e2-d262b940d301	ticket	Park Ticket	60	2020-04-12 17:23:25.739847	\N	Park Ticket Booth
52cd6644-d20b-4004-8791-7eea2fbc58fd	ticket	Park Ticket	60	2020-04-12 17:23:30.072009	\N	Park Ticket Booth
70bffbc7-71ad-4d2a-a81a-d4c9143d9cf5	ticket	Park Ticket	60	2020-04-12 17:23:32.423844	\N	Park Ticket Booth
dc529be7-701f-41d1-bcff-0ef47838f67a	ticket	Park Ticket	60	2020-04-12 17:23:34.477936	\N	Park Ticket Booth
18d4b89d-c25b-400f-afda-dd73221f5d2f	ticket	Park Ticket	60	2020-04-12 17:23:37.638537	\N	Park Ticket Booth
7a3dfe27-73f9-4f77-b998-f29ab276b8e3	ticket	Park Ticket	60	2020-04-12 17:23:39.557443	\N	Park Ticket Booth
87f0a374-f80f-4141-8de7-4fb41e2552a3	ticket	Park Ticket	60	2020-04-12 17:23:40.569046	\N	Park Ticket Booth
d1e28f3a-411f-4289-a778-d2a0abf574c1	ticket	Park Ticket	60	2020-04-12 17:23:41.544559	\N	Park Ticket Booth
a623231c-1441-441b-978c-477794e5a169	ticket	Park Ticket	60	2020-04-12 17:23:42.512397	\N	Park Ticket Booth
88e51c4e-2236-4c58-a707-db59ee5eefdf	ticket	Park Ticket	60	2020-04-12 17:23:43.300725	\N	Park Ticket Booth
bba53c68-5c3f-4810-b3f7-5e4eb400992c	ticket	Park Ticket	60	2020-04-12 17:23:44.080915	\N	Park Ticket Booth
a11d2c3f-8808-4f5d-bdff-2fb019c4ed2a	ticket	Park Ticket	60	2020-04-12 17:23:44.823963	\N	Park Ticket Booth
340d7d7b-1101-4eea-a9d0-f5ad4322b349	ticket	Park Ticket	60	2020-04-12 17:23:54.589904	\N	Park Ticket Booth
0150df38-6603-4a25-b2b5-e8f9894053d7	ticket	Park Ticket	60	2020-04-12 17:23:54.637157	\N	Park Ticket Booth
efa3ceca-b63c-472c-a788-757a7cfeb5e8	ticket	Park Ticket	60	2020-04-12 17:23:54.683289	\N	Park Ticket Booth
0a544fae-cbba-479e-af32-a34e66707c05	ticket	Park Ticket	60	2020-04-12 17:23:54.729156	\N	Park Ticket Booth
4cd1e480-2b1a-4e2c-a939-57ffaf591b13	ticket	Park Ticket	60	2020-04-12 17:23:54.77579	\N	Park Ticket Booth
4e81dc4f-a7b4-4259-9436-cfffb1b9d3f2	ticket	Park Ticket	60	2020-04-12 17:23:54.822688	\N	Park Ticket Booth
480bbe21-e3be-4256-9750-6dc97c489aa3	ticket	Park Ticket	60	2020-04-12 17:23:54.869896	\N	Park Ticket Booth
648c84ad-e290-40a6-89f4-b11638d32ed7	ticket	Park Ticket	60	2020-04-12 17:23:54.914942	\N	Park Ticket Booth
5423c991-8204-4c0f-816d-6648e79b7da5	ticket	Park Ticket	60	2020-04-12 17:23:54.959462	\N	Park Ticket Booth
05acb180-91e2-456d-b15f-0d5a4b4ab440	ticket	Park Ticket	60	2020-04-12 17:23:55.011554	\N	Park Ticket Booth
0c7b46a8-7d01-42b2-bf90-0da33016e384	ticket	Park Ticket	60	2020-04-12 17:23:55.056607	\N	Park Ticket Booth
65799257-caf4-47ad-9721-2cd969be0d1e	ticket	Park Ticket	60	2020-04-12 17:23:55.102809	\N	Park Ticket Booth
7cc77d21-d330-490b-810d-92a5329988a4	ticket	Park Ticket	60	2020-04-12 17:23:55.148986	\N	Park Ticket Booth
38a62fd9-4058-417f-a74e-cf05ab906ccb	ticket	Park Ticket	60	2020-04-11 17:24:08.99235	\N	Park Ticket Booth
ca215cd2-a1d7-4bb0-ac19-b2393415de20	ticket	Park Ticket	60	2020-04-11 17:24:09.038671	\N	Park Ticket Booth
56616434-06ce-47bf-bae3-dfb96f661671	ticket	Park Ticket	60	2020-04-11 17:24:09.083313	\N	Park Ticket Booth
4ca6346b-6aba-4b59-b761-e49d8343d656	ticket	Park Ticket	60	2020-04-11 17:24:09.128403	\N	Park Ticket Booth
b78fc3c0-b4a6-43c9-b736-4c3e8b4b8fa0	ticket	Park Ticket	60	2020-04-11 17:24:09.173909	\N	Park Ticket Booth
ee0385ac-cccd-415e-a8a0-3b7a86bfcf35	ticket	Park Ticket	60	2020-04-11 17:24:09.21957	\N	Park Ticket Booth
2befc16e-7f80-4563-8bb2-0a6c59e6d71f	ticket	Park Ticket	60	2020-04-10 17:24:23.149224	\N	Park Ticket Booth
33c2b285-cc77-493d-b998-aaa1ee5c21c0	ticket	Park Ticket	60	2020-04-10 17:24:23.194832	\N	Park Ticket Booth
209d0b4a-0d24-4c39-ba2d-b359a6646750	ticket	Park Ticket	60	2020-04-10 17:24:23.24019	\N	Park Ticket Booth
d1ecf48a-8a78-45b0-889f-410b1d0fd45e	ticket	Park Ticket	60	2020-04-10 17:24:23.285415	\N	Park Ticket Booth
cf51ad8a-d8f9-497e-9027-2bbce61ef587	ticket	Park Ticket	60	2020-04-10 17:24:23.331332	\N	Park Ticket Booth
299ce113-b9d1-4f30-91af-e946b04efe1c	ticket	Park Ticket	60	2020-04-10 17:24:23.377491	\N	Park Ticket Booth
c2370b5e-2805-4aba-b2af-0105ce327c47	ticket	Park Ticket	60	2020-04-10 17:24:23.42317	\N	Park Ticket Booth
3e26354f-11d6-4360-9706-681b062ba86e	ticket	Park Ticket	60	2020-04-09 17:24:33.469897	\N	Park Ticket Booth
7b22ae38-75ef-4d68-8589-299b4655a146	ticket	Park Ticket	60	2020-04-09 17:24:33.523967	\N	Park Ticket Booth
5365e64b-3f63-4f27-b407-de4b7deeeb7b	ticket	Park Ticket	60	2020-04-09 17:24:33.569563	\N	Park Ticket Booth
31f5262f-3e2f-4a4b-a9be-c8d00f5772c9	ticket	Park Ticket	60	2020-04-08 17:25:29.089352	\N	Park Ticket Booth
2081af9e-770d-45c1-be17-805d477edcc5	ticket	Park Ticket	60	2020-04-08 17:25:29.142127	\N	Park Ticket Booth
c08bc093-01df-410b-9e1b-d817a8b7d819	ticket	Park Ticket	60	2020-04-08 17:25:29.187569	\N	Park Ticket Booth
415c2169-9f94-4c0f-8cf1-e9d4f0d68160	ticket	Park Ticket	60	2020-04-08 17:25:29.233342	\N	Park Ticket Booth
956aa4c7-b534-467c-b182-26bbf9590335	ticket	Park Ticket	60	2020-04-08 17:25:29.280521	\N	Park Ticket Booth
19b8b5da-ec09-410e-b3e9-8df75e50eb5f	ticket	Park Ticket	60	2020-04-08 17:25:29.325169	\N	Park Ticket Booth
f09432a6-f9cf-4f39-8df5-4961dcef1894	ticket	Park Ticket	60	2020-04-08 17:25:29.377133	\N	Park Ticket Booth
47c856ad-4a15-4ed0-a942-ce1b05fd1f60	ticket	Park Ticket	60	2020-04-07 17:25:41.254637	\N	Park Ticket Booth
3bb347a6-3010-4a1a-906f-36c15eea8094	ticket	Park Ticket	60	2020-04-07 17:25:41.301269	\N	Park Ticket Booth
d38bec50-3fd1-4a1b-88e0-c015f22b60bd	ticket	Park Ticket	60	2020-04-07 17:25:41.347627	\N	Park Ticket Booth
16d28218-5852-4023-a526-8cd9c85e5602	ticket	Park Ticket	60	2020-04-07 17:25:41.395048	\N	Park Ticket Booth
3e5ded3f-3acb-4e58-b93c-ca10869a005d	ticket	Park Ticket	60	2020-04-07 17:25:41.440812	\N	Park Ticket Booth
69122a5e-627a-4bee-adbd-fbcdd0f705d8	ticket	Park Ticket	60	2020-04-07 17:25:41.488149	\N	Park Ticket Booth
c6244ec5-802b-47aa-89c5-809c48326532	ticket	Park Ticket	60	2020-04-07 17:25:41.532985	\N	Park Ticket Booth
db94e933-7dc5-4ac2-9d62-0f0fc164245c	ticket	Park Ticket	60	2020-04-07 17:25:41.577787	\N	Park Ticket Booth
b3a759d9-e864-4cd9-9f4c-be5d8bbca3ff	ticket	Park Ticket	60	2020-04-07 17:25:41.623346	\N	Park Ticket Booth
078aa41f-64ae-4316-8916-ef512220ed10	ticket	Park Ticket	60	2020-04-07 17:25:41.66977	\N	Park Ticket Booth
2a6fc376-beb0-41fc-8398-d0b7ae9bf89d	ticket	Park Ticket	60	2020-04-06 17:25:56.59852	\N	Park Ticket Booth
e7697437-c29c-4be9-8d7c-123f05ace04d	ticket	Park Ticket	60	2020-04-06 17:25:56.643369	\N	Park Ticket Booth
5be14a3e-faae-48da-81c6-c8bcf6fc81d0	ticket	Park Ticket	60	2020-04-06 17:25:56.688354	\N	Park Ticket Booth
1321b0ad-bdb6-4a18-88d7-270a1820f79f	ticket	Park Ticket	60	2020-04-06 17:25:56.735193	\N	Park Ticket Booth
29a30852-22a4-45f1-841d-199e95f1a7f3	ticket	Park Ticket	60	2020-04-06 17:25:56.780477	\N	Park Ticket Booth
19bc4a4d-0bfa-4c28-8309-1bd323f87b4d	ticket	Park Ticket	60	2020-04-06 17:25:56.826007	\N	Park Ticket Booth
708d3d8e-5a78-4313-8701-dbb8e355a261	ticket	Park Ticket	60	2020-04-06 17:25:56.870885	\N	Park Ticket Booth
1cd53563-6742-4b66-99e2-c987760f2e2f	ticket	Park Ticket	60	2020-04-06 17:25:56.917444	\N	Park Ticket Booth
767fdbc8-6071-4fa9-b47d-2855f68ef17a	ticket	Park Ticket	60	2020-04-06 17:25:56.962904	\N	Park Ticket Booth
68d4f775-f852-43ee-bffc-a266506511f4	ticket	Park Ticket	60	2020-04-06 17:25:57.008803	\N	Park Ticket Booth
6bc2eff6-1b1c-4a23-8f12-8b1fa708ac14	ticket	Park Ticket	60	2020-04-06 17:25:57.054711	\N	Park Ticket Booth
5d0373ac-8f78-42fb-9959-ab3094ae2a0d	ticket	Park Ticket	60	2020-04-06 17:25:57.101637	\N	Park Ticket Booth
c9626835-e96c-4be2-bb61-a0efbd39f520	ticket	Park Ticket	60	2020-04-06 17:25:57.148032	\N	Park Ticket Booth
7d912dce-4146-4cad-9d60-b22179c65403	ticket	Park Ticket	60	2020-04-06 17:25:57.193718	\N	Park Ticket Booth
b5cf9844-7675-4a86-b7c9-a67f3abc43b2	ticket	Park Ticket	60	2020-04-06 17:25:57.238745	\N	Park Ticket Booth
0f622cf5-3a77-4aea-b0b1-2fb83d30b241	ticket	Park Ticket	60	2020-04-06 17:25:57.284531	\N	Park Ticket Booth
b659516c-c61a-4077-aec9-e411adff3023	ticket	Park Ticket	60	2020-04-05 17:26:07.610397	\N	Park Ticket Booth
2d6f2b50-ab72-41e5-8b4c-b0ad228061ab	ticket	Park Ticket	60	2020-04-05 17:26:07.657017	\N	Park Ticket Booth
fc2fd5d3-f768-4b48-a016-cd7a53dc9637	ticket	Park Ticket	60	2020-04-05 17:26:07.702712	\N	Park Ticket Booth
e8206f12-e980-4a3b-82bb-13be553063b7	ticket	Park Ticket	60	2020-04-05 17:26:07.749627	\N	Park Ticket Booth
df42c3df-d425-4dac-a8cd-8c99b264277f	ticket	Park Ticket	60	2020-04-05 17:26:07.795379	\N	Park Ticket Booth
f715fb48-57f7-447b-a267-8ca6cea89d7e	ticket	Park Ticket	60	2020-04-05 17:26:07.840224	\N	Park Ticket Booth
4eb4287a-3efb-404e-8d11-62e24b18fafd	ticket	Park Ticket	60	2020-04-05 17:26:07.885792	\N	Park Ticket Booth
cc5761f5-a9b8-4018-8848-2f5dd0904440	ticket	Park Ticket	60	2020-04-05 17:26:07.93234	\N	Park Ticket Booth
6e24da84-cdf8-40f3-9ecc-eb381344c3fa	ticket	Park Ticket	60	2020-04-05 17:26:07.97833	\N	Park Ticket Booth
79021a44-f59d-4e65-983b-3f89de6d43fb	ticket	Park Ticket	60	2020-04-04 17:26:16.365185	\N	Park Ticket Booth
bfc39f74-3ed8-4ce2-b038-24dc2540c396	ticket	Park Ticket	60	2020-04-04 17:26:16.410527	\N	Park Ticket Booth
00cc3a42-6d60-46c4-a7e1-baec6802f4de	ticket	Park Ticket	60	2020-04-04 17:26:16.457302	\N	Park Ticket Booth
d136e02e-377c-4882-852d-aa1e897575c2	ticket	Park Ticket	60	2020-04-04 17:26:16.503222	\N	Park Ticket Booth
91194a1f-8e72-4a0b-9232-86e22f836c34	ticket	Park Ticket	60	2020-04-04 17:26:16.549158	\N	Park Ticket Booth
e41d36f1-bccb-471a-9593-6e351885532d	ticket	Park Ticket	60	2020-04-04 17:26:16.59507	\N	Park Ticket Booth
0d5f077b-62ad-48a6-9e86-1c8d1d3ad92c	ticket	Park Ticket	60	2020-04-03 17:26:26.03061	\N	Park Ticket Booth
de3ecb2c-321b-4a6c-82d1-e83cdbaa4c3d	ticket	Park Ticket	60	2020-04-03 17:26:26.076844	\N	Park Ticket Booth
0a6c9f73-848f-4255-8388-d590aeecb00f	ticket	Park Ticket	60	2020-04-03 17:26:26.12275	\N	Park Ticket Booth
b264ab43-2c3e-4f3a-affc-2b858ee1aa30	ticket	Park Ticket	60	2020-04-03 17:26:26.168148	\N	Park Ticket Booth
b3703450-3ed7-4287-b99e-78833a68cc82	ticket	Park Ticket	60	2020-04-03 17:26:26.213558	\N	Park Ticket Booth
18b349bc-4ce3-4972-b584-11df128be41a	ticket	Park Ticket	60	2020-04-03 17:26:26.259684	\N	Park Ticket Booth
49448a22-ebf0-4d93-85e5-1ccdff7801a9	ticket	Park Ticket	60	2020-04-03 17:26:26.305597	\N	Park Ticket Booth
55a2546e-29eb-46e7-814a-e1f8cfcd9ffb	ticket	Park Ticket	60	2020-04-03 17:26:26.351397	\N	Park Ticket Booth
7563eec1-1c58-4dcd-a019-126f7e29a9ea	ticket	Park Ticket	60	2020-04-02 17:26:34.951073	\N	Park Ticket Booth
fc68fba6-3092-4ea2-b569-75bc3204dddc	ticket	Park Ticket	60	2020-04-02 17:26:34.996785	\N	Park Ticket Booth
7eb8abb4-1923-43d5-9e72-e8914530a074	ticket	Park Ticket	60	2020-04-02 17:26:35.042891	\N	Park Ticket Booth
13f59ec1-0f86-4710-8ebb-33f14e4b0672	ticket	Park Ticket	60	2020-04-02 17:26:35.08906	\N	Park Ticket Booth
98693eee-6a48-467f-9680-34bc9358f35b	ticket	Park Ticket	60	2020-04-02 17:26:35.134837	\N	Park Ticket Booth
1cad51f2-df27-4d3b-a05f-8d5d394947c2	ticket	Park Ticket	60	2020-04-02 17:26:35.181404	\N	Park Ticket Booth
bf494082-62e9-46d0-a109-f9061dff5c36	ticket	Park Ticket	60	2020-04-01 17:26:46.06335	\N	Park Ticket Booth
3b5f54bb-7fbe-40b0-a5f1-336450ada853	ticket	Park Ticket	60	2020-04-01 17:26:46.111057	\N	Park Ticket Booth
5b63eb70-e8da-436a-8a1b-6d1646f0ebcd	ticket	Park Ticket	60	2020-04-01 17:26:46.156041	\N	Park Ticket Booth
18886d8f-4801-42b0-b2b5-974cda499dbf	ticket	Park Ticket	60	2020-04-01 17:26:46.200341	\N	Park Ticket Booth
fdd1833a-2139-46e9-b9c7-8a1287b805a5	ticket	Park Ticket	60	2020-03-31 17:26:53.040908	\N	Park Ticket Booth
f568dce9-8cad-41a5-b5f7-d0664ef5eda5	ticket	Park Ticket	60	2020-03-31 17:26:53.0881	\N	Park Ticket Booth
ee89b555-19c5-4ccf-8479-b86eefc9b07b	ticket	Park Ticket	60	2020-03-30 17:27:02.509914	\N	Park Ticket Booth
a1c76534-c3e0-420c-8982-edb12378a458	ticket	Park Ticket	60	2020-03-30 17:27:02.556531	\N	Park Ticket Booth
2e939dab-7664-4a48-957a-ee009328fe36	ticket	Park Ticket	60	2020-03-30 17:27:02.601206	\N	Park Ticket Booth
b18a9fca-1bf0-4f21-b543-50df311d3e9b	ticket	Park Ticket	60	2020-03-30 17:27:02.647807	\N	Park Ticket Booth
6f0610d5-d914-4782-8253-a169519b8d1f	ticket	Park Ticket	60	2020-03-30 17:27:02.694562	\N	Park Ticket Booth
93bab6f3-8733-4db0-98e9-77f0874fab7c	ticket	Park Ticket	60	2020-03-30 17:27:02.739695	\N	Park Ticket Booth
b2d18354-0eba-4940-a905-6e18f88257e0	ticket	Park Ticket	60	2020-03-29 17:27:11.455024	\N	Park Ticket Booth
861072b3-632c-46a2-952f-6ac444294093	ticket	Park Ticket	60	2020-03-29 17:27:11.500877	\N	Park Ticket Booth
f3e9cb82-b6c2-4571-ad4e-eeef2cdfe1fe	ticket	Park Ticket	60	2020-03-29 17:27:11.547585	\N	Park Ticket Booth
bd9660a4-3a04-4ea4-bd7c-40ddb0005484	ticket	Park Ticket	60	2020-03-29 17:27:11.593108	\N	Park Ticket Booth
3698fd6b-cbe8-4d50-b6b5-589bda06cb04	ticket	Park Ticket	60	2020-03-29 17:27:11.639722	\N	Park Ticket Booth
21d7102d-8375-4d47-849a-8dfb9f5a9cc1	ticket	Park Ticket	60	2020-03-29 17:27:11.68504	\N	Park Ticket Booth
3dceaa20-c9b2-4de4-8769-f75d12d60eaf	ticket	Park Ticket	60	2020-03-29 17:27:11.730709	\N	Park Ticket Booth
6fbcc0ab-74d6-4c47-8cad-59cde2d9db89	ticket	Park Ticket	60	2020-03-28 17:27:20.615531	\N	Park Ticket Booth
8d14f5f2-8281-474b-adf5-c4baa04ca24e	ticket	Park Ticket	60	2020-03-28 17:27:20.661915	\N	Park Ticket Booth
5a272f5b-165c-4c3d-ada8-173a795696b2	ticket	Park Ticket	60	2020-03-28 17:27:20.70731	\N	Park Ticket Booth
ab57b48c-017c-4180-839b-2980d472f930	ticket	Park Ticket	60	2020-03-28 17:27:20.753896	\N	Park Ticket Booth
02657ff6-070f-4371-b109-e63645f5e6e2	ticket	Park Ticket	60	2020-03-28 17:27:20.800059	\N	Park Ticket Booth
ffaf96ab-d077-495d-bcbe-435a17d64cbd	ticket	Park Ticket	60	2020-03-28 17:27:20.847979	\N	Park Ticket Booth
5330059f-d5b4-44e2-9e91-6e4deed6e88f	ticket	Park Ticket	60	2020-03-28 17:27:20.896052	\N	Park Ticket Booth
b1564f49-49e8-43c2-80ac-ae5ea5f60b2f	ticket	Park Ticket	60	2020-03-27 17:27:29.599999	\N	Park Ticket Booth
3b9c757b-85cf-46aa-9324-f184c3dde6b1	ticket	Park Ticket	60	2020-03-27 17:27:29.64583	\N	Park Ticket Booth
8c628292-cc46-4af5-869f-238d5051bc14	ticket	Park Ticket	60	2020-03-27 17:27:29.691768	\N	Park Ticket Booth
4c1f0f67-5f2f-48e1-9c5b-3ba951b65388	ticket	Park Ticket	60	2020-03-27 17:27:29.73795	\N	Park Ticket Booth
3cbd34f7-8cc7-4653-aed8-6c4f6bb00360	ticket	Park Ticket	60	2020-03-27 17:27:29.784329	\N	Park Ticket Booth
4c67dc23-661b-4ca8-8694-164d93aed17e	ticket	Park Ticket	60	2020-03-27 17:27:29.831184	\N	Park Ticket Booth
a44c4a05-a41e-4a7d-bfa7-81638f6da55c	ticket	Park Ticket	60	2020-03-27 17:27:29.879996	\N	Park Ticket Booth
56e28491-2f7e-4364-9b6a-cc2a0735cafa	ticket	Park Ticket	60	2020-03-26 17:27:39.208851	\N	Park Ticket Booth
65f59dba-99db-4fef-8e73-e49a03ae02d1	ticket	Park Ticket	60	2020-03-26 17:27:39.255478	\N	Park Ticket Booth
ea9f6101-b9c6-481e-9644-76e1397c4996	ticket	Park Ticket	60	2020-03-26 17:27:39.301851	\N	Park Ticket Booth
932be5a6-8952-4df0-ad96-681b3e325034	ticket	Park Ticket	60	2020-03-26 17:27:39.349431	\N	Park Ticket Booth
2751fb96-8e0a-4715-a1e8-534c82cc8952	ticket	Park Ticket	60	2020-03-26 17:27:39.394783	\N	Park Ticket Booth
2c75b380-17ed-40ed-aa29-dede76dce624	ticket	Park Ticket	60	2020-03-26 17:27:39.441877	\N	Park Ticket Booth
63715e75-e9eb-45b8-b097-6002f72f89f9	ticket	Park Ticket	60	2020-03-26 17:27:39.488815	\N	Park Ticket Booth
c0ff93b7-6fa5-4c16-8436-3e0c3b725216	ticket	Park Ticket	60	2020-03-26 17:27:39.534944	\N	Park Ticket Booth
3100a5dd-07aa-4ba0-82a1-a889778cf54f	ticket	Park Ticket	60	2020-03-25 17:28:12.263919	\N	Park Ticket Booth
abceefb1-e5b7-4e1a-8b1a-b34ed93acd24	ticket	Park Ticket	60	2020-03-25 17:28:12.311214	\N	Park Ticket Booth
3adabe14-1dda-49ea-875e-27eea5b94115	ticket	Park Ticket	60	2020-03-25 17:28:12.358085	\N	Park Ticket Booth
a117baff-5a48-4a89-822c-c4ae59bc0afe	ticket	Park Ticket	60	2020-03-25 17:28:12.403418	\N	Park Ticket Booth
e29336c7-5ddb-4ac6-bdc5-4aea9804ddc5	ticket	Park Ticket	60	2020-03-25 17:28:12.451166	\N	Park Ticket Booth
0ea5ef18-5b15-45dd-8c84-80bd48c51cbd	ticket	Park Ticket	60	2020-03-25 17:28:12.497875	\N	Park Ticket Booth
56d7a807-6b15-4443-8ca4-6acd8cc0526b	ticket	Park Ticket	60	2020-03-25 17:28:12.546476	\N	Park Ticket Booth
df1af386-d3d1-42cb-bacf-cfd1e57287cc	ticket	Park Ticket	60	2020-03-25 17:28:12.59205	\N	Park Ticket Booth
259eb399-f80a-4534-be4d-d432d12b94e3	ticket	Park Ticket	60	2020-03-25 17:28:12.637918	\N	Park Ticket Booth
2c378f8a-dbf0-49c2-bf0b-034d01fece1b	ticket	Park Ticket	60	2020-03-25 17:28:12.68326	\N	Park Ticket Booth
7cbc41cc-0b62-4e7e-91fe-73bcfe88208b	ticket	Park Ticket	60	2020-03-25 17:28:12.729955	\N	Park Ticket Booth
cc7816de-4a1d-4bd6-8171-cc5a56749b77	ticket	Park Ticket	60	2020-03-24 17:28:23.644179	\N	Park Ticket Booth
0871929e-13d7-4ddd-9f04-451af31002fd	ticket	Park Ticket	60	2020-03-24 17:28:23.689157	\N	Park Ticket Booth
3b6b77f8-7df9-431d-97fc-fd57702b53a9	ticket	Park Ticket	60	2020-03-24 17:28:23.735409	\N	Park Ticket Booth
0fa7cbde-f0c4-4786-ba36-a63aa2d3e244	ticket	Park Ticket	60	2020-03-24 17:28:23.780356	\N	Park Ticket Booth
f398b6e4-ad90-4b51-a3a1-81d62b6f0a50	ticket	Park Ticket	60	2020-03-24 17:28:23.825312	\N	Park Ticket Booth
f58fb5cc-be36-47d2-901b-649a858daaec	ticket	Park Ticket	60	2020-03-24 17:28:23.870166	\N	Park Ticket Booth
0d6434eb-fdd7-4767-b8b3-affd3e41c53e	ticket	Park Ticket	60	2020-03-24 17:28:23.922548	\N	Park Ticket Booth
4a0f76b9-2c6c-4eb8-a255-0ceb198f35f3	ticket	Park Ticket	60	2020-03-24 17:28:23.96836	\N	Park Ticket Booth
5dc1bf01-811d-4b1b-9939-1c43eb59867b	ticket	Park Ticket	60	2020-03-24 17:28:24.015049	\N	Park Ticket Booth
facfd1bf-4581-47bb-9a76-711116803a84	ticket	Park Ticket	60	2020-03-24 17:28:24.063352	\N	Park Ticket Booth
db4cad24-36bd-4adc-877f-220336e04e3b	ticket	Park Ticket	60	2020-03-24 17:28:24.109457	\N	Park Ticket Booth
5833a100-4dde-4608-82a3-e7cb7fe0872f	ticket	Park Ticket	60	2020-03-24 17:28:24.164462	\N	Park Ticket Booth
3211d9f3-4095-4564-8b0e-d0e0b2ddec52	ticket	Park Ticket	60	2020-03-24 17:28:24.209253	\N	Park Ticket Booth
86b179eb-b747-459c-ba9e-ea1c3495ed10	ticket	Park Ticket	60	2020-03-24 17:28:24.253919	\N	Park Ticket Booth
e43a8603-c3b8-4bbe-a94a-58d9cdb3b380	ticket	Park Ticket	60	2020-03-24 17:28:24.300506	\N	Park Ticket Booth
a106af70-fa74-4e0c-83d5-ebeec9b7cb00	ticket	Park Ticket	60	2020-03-24 17:28:24.345741	\N	Park Ticket Booth
4cdc7c97-cf61-4003-99b7-7dfa45e96c72	ticket	Park Ticket	60	2020-03-24 17:28:24.391858	\N	Park Ticket Booth
8104954d-2fea-45bc-be18-d63bf26f3ec8	ticket	Park Ticket	60	2020-03-24 17:28:24.440535	\N	Park Ticket Booth
cae3cba3-2080-4446-b0a9-afc544daec7f	ticket	Park Ticket	60	2020-03-24 17:28:24.487321	\N	Park Ticket Booth
ecb9cee4-ea32-4b6c-97c7-5feca1195cfb	ticket	Park Ticket	60	2020-03-24 17:28:24.532994	\N	Park Ticket Booth
3402c36b-11ef-46dc-8242-cc9f8e931d4f	ticket	Park Ticket	60	2020-03-24 17:28:24.57978	\N	Park Ticket Booth
ee049f59-6a1e-45e6-b38e-4d959c2e5a73	ticket	Park Ticket	60	2020-03-24 17:28:24.627016	\N	Park Ticket Booth
fec5ff1c-f625-41d7-9096-359198e993ca	ticket	Park Ticket	60	2020-03-24 17:28:24.674492	\N	Park Ticket Booth
8217a15e-91e9-4cd7-92ab-6f9bded4fa97	ticket	Park Ticket	60	2020-03-24 17:28:24.720212	\N	Park Ticket Booth
c21398f4-2848-4a24-825e-c785ddb617bd	ticket	Park Ticket	60	2020-03-23 17:28:33.216644	\N	Park Ticket Booth
3a16087a-9b84-4374-976a-9cf913e6f165	ticket	Park Ticket	60	2020-03-23 17:28:33.263037	\N	Park Ticket Booth
c5416d68-959f-4ca8-97fc-8f2f4fd8c8d9	ticket	Park Ticket	60	2020-03-23 17:28:33.309879	\N	Park Ticket Booth
7dfda6b2-3261-4df3-99da-6ea2c1d79af4	ticket	Park Ticket	60	2020-03-23 17:28:33.356997	\N	Park Ticket Booth
a4006fe7-e0dd-461e-b93d-c8cc72014f76	ticket	Park Ticket	60	2020-03-23 17:28:33.40277	\N	Park Ticket Booth
33866734-a1b7-456d-8707-57b88cd9d3c3	ticket	Park Ticket	60	2020-03-23 17:28:33.450803	\N	Park Ticket Booth
a47bae19-073c-4e0f-a523-fb41ab67d750	ticket	Park Ticket	60	2020-03-23 17:28:33.495591	\N	Park Ticket Booth
17f1f337-6736-44d2-8472-cf0a175d1c4f	ticket	Park Ticket	60	2020-03-23 17:28:33.541308	\N	Park Ticket Booth
5ed9c739-fc84-49cd-9612-696f6aa8cf78	ticket	Park Ticket	60	2020-03-23 17:28:33.586667	\N	Park Ticket Booth
7eb39650-9653-4f17-9635-9e19ffa440b1	ticket	Park Ticket	60	2020-03-23 17:28:33.632984	\N	Park Ticket Booth
22a9591d-66c5-4bfc-acaa-e05a5f9d7547	ticket	Park Ticket	60	2020-03-23 17:28:33.677393	\N	Park Ticket Booth
631a22d3-7ec8-45f7-ac50-711e4ba3f455	ticket	Park Ticket	60	2020-03-23 17:28:33.723043	\N	Park Ticket Booth
3ca479c7-6427-451f-83f0-a2016d140a3d	ticket	Park Ticket	60	2020-03-23 17:28:33.769557	\N	Park Ticket Booth
ebf3d32f-26e6-4e14-b0bf-19a45c731d0d	ticket	Park Ticket	60	2020-03-23 17:28:33.815355	\N	Park Ticket Booth
fc76de0c-e107-46c8-b376-5e48278007ae	ticket	Park Ticket	60	2020-03-23 17:28:33.877337	\N	Park Ticket Booth
e453c92f-4e8e-4d84-aaaa-ea3eb4817734	ticket	Park Ticket	60	2020-03-23 17:28:33.922814	\N	Park Ticket Booth
a61d0f48-e3cc-40b4-987d-57630f83e53e	ticket	Park Ticket	60	2020-03-22 17:28:42.060073	\N	Park Ticket Booth
7ee59e0c-df64-4d96-a46f-a42c619db10a	ticket	Park Ticket	60	2020-03-22 17:28:42.106743	\N	Park Ticket Booth
02caa1e3-854f-4bf0-94a8-52172f3198c5	ticket	Park Ticket	60	2020-03-22 17:28:42.153207	\N	Park Ticket Booth
798ea486-3c2d-415f-ac4a-1fbefbf0c1c2	ticket	Park Ticket	60	2020-03-22 17:28:42.199387	\N	Park Ticket Booth
20618e98-42c4-4669-a402-96a4cd635b2f	ticket	Park Ticket	60	2020-03-22 17:28:42.244974	\N	Park Ticket Booth
2ede03c6-ec7a-4297-adfc-4603add8e8b1	ticket	Park Ticket	60	2020-03-22 17:28:42.291656	\N	Park Ticket Booth
244ca629-3e28-442b-bd37-5298c2859d00	ticket	Park Ticket	60	2020-03-22 17:28:42.337684	\N	Park Ticket Booth
0a9a959f-2768-4871-9ff9-8ceed52ea90e	ticket	Park Ticket	60	2020-03-22 17:28:42.383413	\N	Park Ticket Booth
7f2ffdb1-f952-47ea-8009-95bc00ae86e4	ticket	Park Ticket	60	2020-03-22 17:28:42.429303	\N	Park Ticket Booth
025e8af2-45c3-484a-80bf-cc45404ccff4	ticket	Park Ticket	60	2020-03-22 17:28:42.4753	\N	Park Ticket Booth
dbfe5c35-be1d-4341-84db-f7b33522a6fa	ticket	Park Ticket	60	2020-03-22 17:28:42.523058	\N	Park Ticket Booth
81ad0a73-0884-4856-8a19-b741d4d89b24	ticket	Park Ticket	60	2020-03-22 17:28:42.56773	\N	Park Ticket Booth
a91d25c5-0878-426c-b981-33530c1e15bd	ticket	Park Ticket	60	2020-03-21 17:28:51.387419	\N	Park Ticket Booth
e7d6c7eb-bbf2-41d6-9cad-58eb53cc527d	ticket	Park Ticket	60	2020-03-21 17:28:51.433476	\N	Park Ticket Booth
5427d98f-3958-4cf5-942e-083f2a4b8a96	ticket	Park Ticket	60	2020-03-21 17:28:51.479096	\N	Park Ticket Booth
7a9be4cb-93a5-44e0-934b-37eeb0f79952	ticket	Park Ticket	60	2020-03-21 17:28:51.52552	\N	Park Ticket Booth
3026a346-5883-44e9-b504-85e6694717ec	ticket	Park Ticket	60	2020-03-21 17:28:51.570451	\N	Park Ticket Booth
d33a84b8-092e-45e1-b0c3-081414454cbf	ticket	Park Ticket	60	2020-03-21 17:28:51.616365	\N	Park Ticket Booth
8472ec94-d33d-41a9-afe0-f7cd6796e6fc	ticket	Park Ticket	60	2020-03-21 17:28:51.662828	\N	Park Ticket Booth
86655686-25b7-4581-8d55-a5065fd0bdcc	ticket	Park Ticket	60	2020-03-21 17:28:51.710017	\N	Park Ticket Booth
81615340-1d6b-41a1-ab42-68b76c2326b2	ticket	Park Ticket	60	2020-03-21 17:28:51.756393	\N	Park Ticket Booth
800155a4-ba68-46f5-afaf-8f40a23ba321	ticket	Park Ticket	60	2020-03-21 17:28:51.802691	\N	Park Ticket Booth
f590c95d-f371-4b8b-b8aa-7d7971b57283	ticket	Park Ticket	60	2020-03-21 17:28:51.850765	\N	Park Ticket Booth
1d62d1be-e006-4ca4-96bb-648b1b01bfa5	ticket	Park Ticket	60	2020-03-21 17:28:51.896181	\N	Park Ticket Booth
1f92d483-fe8d-4258-ad6d-99d10efb4158	ticket	Park Ticket	60	2020-03-21 17:28:51.944978	\N	Park Ticket Booth
4192d545-3033-45ce-a367-4de62093b0f9	ticket	Park Ticket	60	2020-03-20 17:28:59.747404	\N	Park Ticket Booth
20b8b1b0-5e6d-466d-b2a8-718532cec83c	ticket	Park Ticket	60	2020-03-20 17:28:59.797898	\N	Park Ticket Booth
bf0bb068-2112-49d8-8cac-0cee7120ae40	ticket	Park Ticket	60	2020-03-20 17:28:59.842753	\N	Park Ticket Booth
d2ea9246-7577-4494-8528-fc4833185ede	ticket	Park Ticket	60	2020-03-20 17:28:59.888843	\N	Park Ticket Booth
af7d7075-c70e-46e8-8ce3-b14a762f86cd	ticket	Park Ticket	60	2020-03-20 17:28:59.934359	\N	Park Ticket Booth
a238e66f-0d4a-424f-a175-562a2071c2f7	ticket	Park Ticket	60	2020-03-20 17:28:59.980418	\N	Park Ticket Booth
c289b891-12ab-487b-aac3-76d76117689b	ticket	Park Ticket	60	2020-03-20 17:29:00.027331	\N	Park Ticket Booth
18dd6ff9-e80a-4a3d-b018-627ec23ade34	ticket	Park Ticket	60	2020-03-20 17:29:00.073866	\N	Park Ticket Booth
af5a60bb-6552-4636-9fd0-edb42f225629	ticket	Park Ticket	60	2020-03-20 17:29:00.119975	\N	Park Ticket Booth
065d9c3a-2b55-4cbe-8b80-a025e375c14c	ticket	Park Ticket	60	2020-03-20 17:29:00.166175	\N	Park Ticket Booth
e505f0f6-d2b5-43a4-9525-4b6adfa631c3	ticket	Park Ticket	60	2020-03-20 17:29:00.212322	\N	Park Ticket Booth
444ef8d7-dba6-4656-bed0-8285646700f6	ticket	Park Ticket	60	2020-04-17 17:29:43.092053	\N	Park Ticket Booth
d647d1a7-db6a-4943-85ba-8313ee9d1e7f	ticket	Park Ticket	60	2020-04-17 17:29:43.138041	\N	Park Ticket Booth
dc946a3e-4c02-4ca6-aa0d-99eaf7f16cd8	ticket	Park Ticket	60	2020-04-17 17:29:43.183778	\N	Park Ticket Booth
9789fa35-faeb-4a14-86d2-9ef7f8768a92	ticket	Park Ticket	60	2020-04-17 17:29:43.230134	\N	Park Ticket Booth
79273e11-7c0e-4861-88b2-66bbb0f82da3	ticket	Park Ticket	60	2020-04-17 17:29:43.276664	\N	Park Ticket Booth
2d874e44-058c-462e-bc1b-45b39fb2ea03	ticket	Park Ticket	60	2020-04-20 11:18:19.112911	65cf8cad-86ee-4301-966e-39dd08092477	Park Ticket Booth
785346c4-8695-45e9-9e17-bac8e2f74bad	ticket	Park Ticket	60	2020-04-20 11:18:35.010888	ce080621-8f6e-4fdc-81f1-eccfb2f39e3d	Park Ticket Booth
0be5c27c-1635-4a97-a3a0-ab2c0e313894	ticket	Park Ticket	60	2020-04-20 11:18:46.998813	01803dde-318a-40d2-ae2d-1cf1b4bd64a3	Park Ticket Booth
21ff51a6-c43f-4fd7-a47f-31d244b38321	ticket	Park Ticket	60	2020-04-20 11:21:20.241115	098d7e27-02e4-4b24-b8be-e86fea916cad	Park Ticket Booth
c027fc95-4187-4f12-8d32-47e2ce173531	ticket	Park Ticket	60	2020-04-20 11:21:39.976343	098d7e27-02e4-4b24-b8be-e86fea916cad	Park Ticket Booth
fbd24ee7-7a00-427c-a3ef-cbce010dc9e4	ticket	Park Ticket	60	2020-04-20 11:22:03.01134	098d7e27-02e4-4b24-b8be-e86fea916cad	Park Ticket Booth
\.


--
-- Data for Name: shop; Type: TABLE DATA; Schema: public; Owner: postgres
--

COPY public.shop (shop_name, location, creation_date, shop_type) FROM stdin;
Park Ticket Booth	South Quadrant	2015-05-01	ticket_store
Always Taco Tuesday	North Quadrant	2020-03-02	restaurant
Fish and Chips	North Quadrant	2017-07-07	restaurant
Park Games Galore	North Quadrant	2017-08-15	game
Animal Toys	North Quadrant	2017-08-15	gift_shop
Cotton Candy Stand	East Quadrant	2016-06-04	restaurant
Trinkets	South Quadrant	2017-08-15	gift_shop
\.


--
-- Data for Name: works_at_event; Type: TABLE DATA; Schema: public; Owner: postgres
--

COPY public.works_at_event (employee_id, event_id) FROM stdin;
21529f4c-3853-43f2-a3f4-b3c12463267c	44c1b7a2-277a-4dbf-b889-bd10f5f9976c
2d6f3436-d89b-48b4-bbb6-27d784acb813	44c1b7a2-277a-4dbf-b889-bd10f5f9976c
550e60b8-987f-48b8-8798-efc6bf112b9c	44c1b7a2-277a-4dbf-b889-bd10f5f9976c
12fddce4-fd2d-4fe8-af87-5d0061498532	44c1b7a2-277a-4dbf-b889-bd10f5f9976c
\.


--
-- Data for Name: works_at_ride; Type: TABLE DATA; Schema: public; Owner: postgres
--

COPY public.works_at_ride (employee_id, ride_name) FROM stdin;
575b7d60-c8f4-46aa-b071-948ea67653cd	Monster Coaster
575b7d60-c8f4-46aa-b071-948ea67653cd	Tower of Doom
\.


--
-- Data for Name: works_at_shop; Type: TABLE DATA; Schema: public; Owner: postgres
--

COPY public.works_at_shop (employee_id, shop_name) FROM stdin;
6cf9acfc-ddbb-48d3-b521-fd82289b31e5	Park Ticket Booth
6cf9acfc-ddbb-48d3-b521-fd82289b31e5	Park Games Galore
550e60b8-987f-48b8-8798-efc6bf112b9c	Cotton Candy Stand
\.


--
-- Name: customer customer_pkey; Type: CONSTRAINT; Schema: public; Owner: postgres
--

ALTER TABLE ONLY public.customer
    ADD CONSTRAINT customer_pkey PRIMARY KEY (customer_id);


--
-- Name: employee employee_pkey; Type: CONSTRAINT; Schema: public; Owner: postgres
--

ALTER TABLE ONLY public.employee
    ADD CONSTRAINT employee_pkey PRIMARY KEY (employee_id);


--
-- Name: employee employee_username_key; Type: CONSTRAINT; Schema: public; Owner: postgres
--

ALTER TABLE ONLY public.employee
    ADD CONSTRAINT employee_username_key UNIQUE (username);


--
-- Name: event event_pkey; Type: CONSTRAINT; Schema: public; Owner: postgres
--

ALTER TABLE ONLY public.event
    ADD CONSTRAINT event_pkey PRIMARY KEY (event_id);


--
-- Name: rainouts rainouts_pkey; Type: CONSTRAINT; Schema: public; Owner: postgres
--

ALTER TABLE ONLY public.rainouts
    ADD CONSTRAINT rainouts_pkey PRIMARY KEY (date);


--
-- Name: ride_issue ride_issue_pkey; Type: CONSTRAINT; Schema: public; Owner: postgres
--

ALTER TABLE ONLY public.ride_issue
    ADD CONSTRAINT ride_issue_pkey PRIMARY KEY (issue_id);


--
-- Name: ride ride_pkey; Type: CONSTRAINT; Schema: public; Owner: postgres
--

ALTER TABLE ONLY public.ride
    ADD CONSTRAINT ride_pkey PRIMARY KEY (ride_name);


--
-- Name: sale sale_pkey; Type: CONSTRAINT; Schema: public; Owner: postgres
--

ALTER TABLE ONLY public.sale
    ADD CONSTRAINT sale_pkey PRIMARY KEY (transaction_id);


--
-- Name: shop shop_pkey; Type: CONSTRAINT; Schema: public; Owner: postgres
--

ALTER TABLE ONLY public.shop
    ADD CONSTRAINT shop_pkey PRIMARY KEY (shop_name);


--
-- Name: rides_on customer_cant_ride; Type: TRIGGER; Schema: public; Owner: postgres
--

CREATE TRIGGER customer_cant_ride BEFORE INSERT ON public.rides_on FOR EACH ROW EXECUTE FUNCTION public.inform_employee();


--
-- Name: customer customer_id_update_trigger; Type: TRIGGER; Schema: public; Owner: postgres
--

CREATE TRIGGER customer_id_update_trigger BEFORE UPDATE OF customer_id ON public.customer FOR EACH ROW EXECUTE FUNCTION public.check_customer_id_change();


--
-- Name: employee employee_id_update_trigger; Type: TRIGGER; Schema: public; Owner: postgres
--

CREATE TRIGGER employee_id_update_trigger BEFORE UPDATE OF employee_id ON public.employee FOR EACH ROW EXECUTE FUNCTION public.check_employee_id_change();


--
-- Name: employee encrypt_password_trigger; Type: TRIGGER; Schema: public; Owner: postgres
--

CREATE TRIGGER encrypt_password_trigger BEFORE INSERT ON public.employee FOR EACH ROW EXECUTE FUNCTION public.encrypt_password();


--
-- Name: employee encrypt_password_update_trigger; Type: TRIGGER; Schema: public; Owner: postgres
--

CREATE TRIGGER encrypt_password_update_trigger BEFORE UPDATE ON public.employee FOR EACH ROW EXECUTE FUNCTION public.encrypt_password();


--
-- Name: event issue_id_update_trigger; Type: TRIGGER; Schema: public; Owner: postgres
--

CREATE TRIGGER issue_id_update_trigger BEFORE UPDATE OF event_id ON public.event FOR EACH ROW EXECUTE FUNCTION public.check_event_id_change();


--
-- Name: ride_issue issue_id_update_trigger; Type: TRIGGER; Schema: public; Owner: postgres
--

CREATE TRIGGER issue_id_update_trigger BEFORE UPDATE OF issue_id ON public.ride_issue FOR EACH ROW EXECUTE FUNCTION public.check_issue_id_change();


--
-- Name: ride_issue issue_status; Type: TRIGGER; Schema: public; Owner: postgres
--

CREATE TRIGGER issue_status AFTER INSERT OR UPDATE ON public.ride_issue FOR EACH ROW WHEN (((new.type = 'breakdown'::public.issue_type) AND (new.resolved = false))) EXECUTE FUNCTION public.shutdown_ride();


--
-- Name: rainouts rainout_refunds; Type: TRIGGER; Schema: public; Owner: postgres
--

CREATE TRIGGER rainout_refunds AFTER INSERT ON public.rainouts FOR EACH ROW WHEN (((new.start_timestamp)::time without time zone < '12:00:00'::time without time zone)) EXECUTE FUNCTION public.refunds_today();


--
-- Name: sale transaction_id_update_trigger; Type: TRIGGER; Schema: public; Owner: postgres
--

CREATE TRIGGER transaction_id_update_trigger BEFORE UPDATE OF transaction_id ON public.sale FOR EACH ROW EXECUTE FUNCTION public.check_transaction_id_change();


--
-- Name: employee username_update_trigger; Type: TRIGGER; Schema: public; Owner: postgres
--

CREATE TRIGGER username_update_trigger BEFORE UPDATE OF username ON public.employee FOR EACH ROW EXECUTE FUNCTION public.check_username_change();


--
-- Name: attends attends_customer_fkey; Type: FK CONSTRAINT; Schema: public; Owner: postgres
--

ALTER TABLE ONLY public.attends
    ADD CONSTRAINT attends_customer_fkey FOREIGN KEY (customer_id) REFERENCES public.customer(customer_id) ON UPDATE CASCADE ON DELETE SET NULL;


--
-- Name: attends attends_event_id_fkey; Type: FK CONSTRAINT; Schema: public; Owner: postgres
--

ALTER TABLE ONLY public.attends
    ADD CONSTRAINT attends_event_id_fkey FOREIGN KEY (event_id) REFERENCES public.event(event_id) ON UPDATE CASCADE ON DELETE RESTRICT;


--
-- Name: ride_issue ride_issue_ride_name_fkey; Type: FK CONSTRAINT; Schema: public; Owner: postgres
--

ALTER TABLE ONLY public.ride_issue
    ADD CONSTRAINT ride_issue_ride_name_fkey FOREIGN KEY (ride_name) REFERENCES public.ride(ride_name) ON UPDATE CASCADE ON DELETE CASCADE;


--
-- Name: rides_on rides_on_customer_id_fkey; Type: FK CONSTRAINT; Schema: public; Owner: postgres
--

ALTER TABLE ONLY public.rides_on
    ADD CONSTRAINT rides_on_customer_id_fkey FOREIGN KEY (customer_id) REFERENCES public.customer(customer_id) ON UPDATE CASCADE ON DELETE SET NULL;


--
-- Name: rides_on rides_on_ride_name_fkey; Type: FK CONSTRAINT; Schema: public; Owner: postgres
--

ALTER TABLE ONLY public.rides_on
    ADD CONSTRAINT rides_on_ride_name_fkey FOREIGN KEY (ride_name) REFERENCES public.ride(ride_name) ON UPDATE CASCADE ON DELETE CASCADE;


--
-- Name: sale sale_customer_id_fkey; Type: FK CONSTRAINT; Schema: public; Owner: postgres
--

ALTER TABLE ONLY public.sale
    ADD CONSTRAINT sale_customer_id_fkey FOREIGN KEY (customer_id) REFERENCES public.customer(customer_id) ON UPDATE CASCADE ON DELETE SET NULL;


--
-- Name: sale sale_sale_from_fkey; Type: FK CONSTRAINT; Schema: public; Owner: postgres
--

ALTER TABLE ONLY public.sale
    ADD CONSTRAINT sale_sale_from_fkey FOREIGN KEY (sale_from) REFERENCES public.shop(shop_name) ON UPDATE CASCADE ON DELETE RESTRICT;


--
-- Name: works_at_event works_at_event_employee_id_fkey; Type: FK CONSTRAINT; Schema: public; Owner: postgres
--

ALTER TABLE ONLY public.works_at_event
    ADD CONSTRAINT works_at_event_employee_id_fkey FOREIGN KEY (employee_id) REFERENCES public.employee(employee_id) ON UPDATE CASCADE ON DELETE CASCADE;


--
-- Name: works_at_event works_at_event_event_id_fkey; Type: FK CONSTRAINT; Schema: public; Owner: postgres
--

ALTER TABLE ONLY public.works_at_event
    ADD CONSTRAINT works_at_event_event_id_fkey FOREIGN KEY (event_id) REFERENCES public.event(event_id) ON UPDATE CASCADE ON DELETE CASCADE;


--
-- Name: works_at_ride works_at_ride_employee_id_fkey; Type: FK CONSTRAINT; Schema: public; Owner: postgres
--

ALTER TABLE ONLY public.works_at_ride
    ADD CONSTRAINT works_at_ride_employee_id_fkey FOREIGN KEY (employee_id) REFERENCES public.employee(employee_id) ON UPDATE CASCADE ON DELETE CASCADE;


--
-- Name: works_at_ride works_at_ride_ride_name_fkey; Type: FK CONSTRAINT; Schema: public; Owner: postgres
--

ALTER TABLE ONLY public.works_at_ride
    ADD CONSTRAINT works_at_ride_ride_name_fkey FOREIGN KEY (ride_name) REFERENCES public.ride(ride_name) ON UPDATE CASCADE ON DELETE CASCADE;


--
-- Name: works_at_shop works_at_shop_employee_id_fkey; Type: FK CONSTRAINT; Schema: public; Owner: postgres
--

ALTER TABLE ONLY public.works_at_shop
    ADD CONSTRAINT works_at_shop_employee_id_fkey FOREIGN KEY (employee_id) REFERENCES public.employee(employee_id) ON UPDATE CASCADE ON DELETE CASCADE;


--
-- Name: works_at_shop works_at_shop_shop_name_fkey; Type: FK CONSTRAINT; Schema: public; Owner: postgres
--

ALTER TABLE ONLY public.works_at_shop
    ADD CONSTRAINT works_at_shop_shop_name_fkey FOREIGN KEY (shop_name) REFERENCES public.shop(shop_name) ON UPDATE CASCADE ON DELETE CASCADE;


--
-- PostgreSQL database dump complete
--

